#
# A fatal error has been detected by the Java Runtime Environment:
#
#  SIGSEGV (0xb) at pc=0xe2603ea4, pid=7889, tid=7954
#
# JRE version: OpenJDK Runtime Environment (17.0.15+6) (build 17.0.15+6-Raspbian-1deb11u1rpt1)
# Java VM: OpenJDK Client VM (17.0.15+6-Raspbian-1deb11u1rpt1, mixed mode, emulated-client, serial gc, linux-arm)
# Problematic frame:
# C  [libpigpio.so.1+0x13ea4]  gpioRead+0x7c
#
# No core dump will be written. Core dumps have been disabled. To enable core dumping, try "ulimit -c unlimited" before starting Java again
#
# If you would like to submit a bug report, please visit:
#   Unknown
# The crash happened outside the Java Virtual Machine in native code.
# See problematic frame for where to report the bug.
#

---------------  S U M M A R Y ------------

Command Line: -XX:-OmitStackTraceInFastThrow -Dclojure.basis=.cpcache/3529354271.basis clojure.main -m clojure.run.exec

Host: ARM, 4 cores, 3G, Raspbian GNU/Linux 11 (bullseye)
Time: Sat Jul 26 11:52:30 2025 BST elapsed time: 142.285044 seconds (0d 0h 2m 22s)

---------------  T H R E A D  ---------------

Current thread (0xe289e1e8):  JavaThread "async-io-5" daemon [_thread_in_native, id=7954, stack(0xe0f10000,0xe0f60000)]

Stack: [0xe0f10000,0xe0f60000],  sp=0xe0f5e538,  free space=313k
Native frames: (J=compiled Java code, j=interpreted, Vv=VM code, C=native code)
C  [libpigpio.so.1+0x13ea4]  gpioRead+0x7c

Java frames: (J=compiled Java code, j=interpreted, Vv=VM code)
J 2704  com.pi4j.library.pigpio.internal.PIGPIO.gpioRead(I)I (0 bytes) @ 0xf5444744 [0xf5444700+0x00000044]
J 2738 c1 com.pi4j.library.pigpio.impl.PiGpioNativeImpl.gpioRead(I)Lcom/pi4j/library/pigpio/PiGpioState; (84 bytes) @ 0xf544e408 [0xf544e210+0x000001f8]
J 2737 c1 com.pi4j.plugin.pigpio.provider.gpio.digital.PiGpioDigitalInput.state()Lcom/pi4j/io/gpio/digital/DigitalState; (99 bytes) @ 0xf544dbb0 [0xf544db50+0x00000060]
J 2746 c1 peripherals.ultrasound$wait_for_echo.invokeStatic(Ljava/lang/Object;Ljava/lang/Object;)Ljava/lang/Object; (66 bytes) @ 0xf5477e04 [0xf5477d50+0x000000b4]
J 2803 c1 peripherals.ultrasound$wait_for_echo.invoke(Ljava/lang/Object;Ljava/lang/Object;)Ljava/lang/Object; (10 bytes) @ 0xf54828fc [0xf54828d0+0x0000002c]
J 2851 c1 peripherals.ultrasound$measure.invokeStatic(Ljava/lang/Object;)Ljava/lang/Object; (364 bytes) @ 0xf5493004 [0xf5492a70+0x00000594]
J 2837 c1 peripherals.ultrasound$measure.invoke(Ljava/lang/Object;)Ljava/lang/Object; (7 bytes) @ 0xf548e0f8 [0xf548e0d0+0x00000028]
j  nodes.avoidance$start_avoidance_node$fn__10200$state_machine__6794__auto____10205$fn__10207.invoke()Ljava/lang/Object;+364
j  nodes.avoidance$start_avoidance_node$fn__10200$state_machine__6794__auto____10205.invoke(Ljava/lang/Object;)Ljava/lang/Object;+26
J 2880 c1 clojure.core.async.impl.ioc_macros$run_state_machine.invoke(Ljava/lang/Object;)Ljava/lang/Object; (7 bytes) @ 0xf54a11a4 [0xf54a1000+0x000001a4]
J 2879 c1 clojure.core.async.impl.ioc_macros$run_state_machine_wrapped.invokeStatic(Ljava/lang/Object;)Ljava/lang/Object; (101 bytes) @ 0xf54a08c0 [0xf54a0850+0x00000070]
J 2866 c1 clojure.core.async.impl.ioc_macros$run_state_machine_wrapped.invoke(Ljava/lang/Object;)Ljava/lang/Object; (7 bytes) @ 0xf549d878 [0xf549d850+0x00000028]
J 2858 c1 clojure.core.async.impl.ioc_macros$take_BANG_$fn__851.invoke(Ljava/lang/Object;)Ljava/lang/Object; (69 bytes) @ 0xf549ae48 [0xf549aa40+0x00000408]
J 2850 c1 clojure.core.async.impl.channels$appm$fn__635.invoke()Ljava/lang/Object; (19 bytes) @ 0xf54925c0 [0xf5492550+0x00000070]
J 2845 c1 clojure.lang.AFn.run()V (6 bytes) @ 0xf54916fc [0xf54916d0+0x0000002c]
j  java.util.concurrent.ThreadPoolExecutor.runWorker(Ljava/util/concurrent/ThreadPoolExecutor$Worker;)V+92 java.base@17.0.15
j  java.util.concurrent.ThreadPoolExecutor$Worker.run()V+5 java.base@17.0.15
j  java.lang.Thread.run()V+11 java.base@17.0.15
v  ~StubRoutines::call_stub

siginfo: si_signo: 11 (SIGSEGV), si_code: 1 (SEGV_MAPERR), si_addr: 0xf7f68034

Registers:
  r0  = 0x00000008
  r1  = 0xf7f68000
  r2  = 0x00000001
  r3  = 0x0000000d
  r4  = 0x00000008
  r5  = 0xe263e000
  r6  = 0xf7fc587c
  r7  = 0x00000000
  r8  = 0xe1764898
  r9  = 0xe362be88
  r10 = 0xe289e1e8
  fp  = 0xe0f5e5b0
  r12 = 0xe26ff108
  sp  = 0xe0f5e538
  lr  = 0xf5444760
  pc  = 0xe2603ea4
  cpsr = 0x80000010


Register to memory mapping:

  r0  = 0x00000008 is an unknown value
  r1  = 0xf7f68000 is an unknown value
  r2  = 0x00000001 is an unknown value
  r3  = 0x0000000d is an unknown value
  r4  = 0x00000008 is an unknown value
  r5  = 0xe263e000: <offset 0x0004e000> in /lib/libpigpio.so.1 at 0xe25f0000
  r6  = 0xf7fc587c: __stack_chk_guard+0x00000000 in /lib/ld-linux-armhf.so.3 at 0xf7f93000
  r7  = 0x0 is NULL
  r8  = 0xe1764898 is a pointer to class: 
com.pi4j.plugin.pigpio.provider.gpio.digital.PiGpioDigitalInput {0xe1764898}
 - instance size:     18
 - klass size:        235
 - access:            public synchronized 
 - state:             fully_initialized
 - name:              'com/pi4j/plugin/pigpio/provider/gpio/digital/PiGpioDigitalInput'
 - super:             'com/pi4j/io/gpio/digital/DigitalInputBase'
 - sub:               
 - arrays:            NULL
 - methods:           Array<T>(0xe175f928)
 - method ordering:   Array<T>(0xe3000950)
 - default_methods:   Array<T>(0xe1764c48)
 - default vtable indices:   Array<T>(0xe1764ca0)
 - local interfaces:  Array<T>(0xe175f8d8)
 - trans. interfaces: Array<T>(0xe1764868)
 - constants:         constant pool [251]/operands[7] {0xe175f458} for 'com/pi4j/plugin/pigpio/provider/gpio/digital/PiGpioDigitalInput' cache=0xe1764d28
 - class loader data:  loader data: 0xf72d9128 for instance a 'jdk/internal/loader/ClassLoaders$AppClassLoader'{0xea3e9d30}
 - source file:       'PiGpioDigitalInput.java'
 - class annotations:       Array<T>(0x00000000)
 - class type annotations:  Array<T>(0x00000000)
 - field annotations:       Array<T>(0x00000000)
 - field type annotations:  Array<T>(0x00000000)
 - inner classes:     Array<T>(0xe17640d0)
 - nest members:     Array<T>(0xe17640f0)
 - permitted subclasses:     Array<T>(0xe3000958)
 - java mirror:       a 'java/lang/Class'{0xeb1a79e8} = 'com/pi4j/plugin/pigpio/provider/gpio/digital/PiGpioDigitalInput'
 - vtable length      51  (start addr: 0xe17649a8)
 - itable length      112 (start addr: 0xe1764a74)
 - ---- static fields (0 words):
 - ---- non-static fields (15 words):
 - protected 'logger' 'Lorg/slf4j/Logger;' @8 
 - protected 'id' 'Ljava/lang/String;' @12 
 - protected 'name' 'Ljava/lang/String;' @16 
 - protected 'description' 'Ljava/lang/String;' @20 
 - protected 'metadata' 'Lcom/pi4j/common/Metadata;' @24 
 - protected 'config' 'Lcom/pi4j/io/IOConfig;' @28 
 - protected 'provider' 'Lcom/pi4j/provider/Provider;' @32 
 - private 'context' 'Lcom/pi4j/context/Context;' @36 
 - protected final 'stateChangeEventManager' 'Lcom/pi4j/event/EventManager;' @40 
 - protected 'bindings' 'Lcom/pi4j/io/binding/BindingManager;' @44 
 - private final 'pin' 'I' @48 
 - private final 'piGpio' 'Lcom/pi4j/library/pigpio/PiGpio;' @52 
 - private 'state' 'Lcom/pi4j/io/gpio/digital/DigitalState;' @56 
 - private 'logger' 'Lorg/slf4j/Logger;' @60 
 - private 'piGpioPinListener' 'Lcom/pi4j/library/pigpio/PiGpioStateChangeListener;' @64 
 - non-static oop maps: 8-44 52-64 
  r9  = {method} {0xe362be88} 'opsWith' '(Lclojure/lang/Numbers$LongOps;)Lclojure/lang/Numbers$Ops;' in 'clojure/lang/Numbers$LongOps'
  r10 = 0xe289e1e8 is a thread
  fp  = 0xe0f5e5b0 is pointing into the stack for thread: 0xe289e1e8
  r12 = 0xe26ff108: <offset 0x00015108> in /tmp/libpi4j-pigpio1629435810383772878.so at 0xe26ea000
  sp  = 0xe0f5e538 is pointing into the stack for thread: 0xe289e1e8
  lr  = 0xf5444760 is at entry_point+96 in (nmethod*)0xf5444608
Compiled method (n/a)  142292 2704     n       com.pi4j.library.pigpio.internal.PIGPIO::gpioRead (native)
 total in heap  [0xf5444608,0xf5444808] = 512
 relocation     [0xf54446ec,0xf54446f4] = 8
 main code      [0xf5444700,0xf5444800] = 256
 oops           [0xf5444800,0xf5444808] = 8
  pc  = 0xe2603ea4: gpioRead+0x0000007c in /lib/libpigpio.so.1 at 0xe25f0000


Top of Stack: (sp=0xe0f5e538)
0xe0f5e538:   e0f5e54c f7c3ddd0 00000000 00000000
0xe0f5e548:   e0f5e570 f50e26a4 e4300bd8 e53657b0
0xe0f5e558:   eb1b2660 e289e1e8 00000008 eb1b2708
0xe0f5e568:   00000000 e1764898 e0f5e7f8 ed988e00
0xe0f5e578:   e0f5e58c eb1c3180 00000008 eb1b2708
0xe0f5e588:   00000000 e1764898 e362be88 f5444760
0xe0f5e598:   eb1a8fc8 00000003 e53657b0 eb1bd640
0xe0f5e5a8:   00000000 00000000 e0f5e7f8 f544e408
0xe0f5e5b8:   00000001 00000000 756f7220 656e6974
0xe0f5e5c8:   00000000 3ff00000 00000000 404c8000
0xe0f5e5d8:   00000000 00000000 919b9ff0 73624f20
0xe0f5e5e8:   00000000 00000000 00000000 00000000
0xe0f5e5f8:   00000000 00000000 00000000 00000000
0xe0f5e608:   00000000 00000000 eb1b2690 00000008
0xe0f5e618:   00000000 e30e85f0 00492067 00000000
0xe0f5e628:   e0f5e7f8 f544dbb0 eb10f318 00000000
0xe0f5e638:   00000000 00000000 e289e1e8 ed988e00
0xe0f5e648:   e0f5e7f8 e0f5e680 e361ae88 eb10f318
0xe0f5e658:   00000000 f7e2ae60 00000d6b 00000000
0xe0f5e668:   3b4c3d4c 00000000 eb10f318 ed988e00
0xe0f5e678:   eb1b2708 f7b3c810 00000d6b 3b4c3d4c
0xe0f5e688:   e0f5e7f8 f5477e04 f7d11290 f7d7b8ec
0xe0f5e698:   f7d7b8ec 00000000 f7000000 e289e1e8
0xe0f5e6a8:   00000000 00000000 00000000 ffffffff
0xe0f5e6b8:   e30e7298 e289e1e8 e0f5e6d4 f7c3ddd0
0xe0f5e6c8:   00000000 00000000 e0f5e6f8 f547b7e4
0xe0f5e6d8:   eb1b2708 ea40b810 00867073 00000320
0xe0f5e6e8:   0140ab4c 00000320 eb10f318 e53657e0
0xe0f5e6f8:   ea43af60 eb1b2798 ea54e210 f51c44e0
0xe0f5e708:   e0f5e7f8 f54828fc eb216b70 ea412a88
0xe0f5e718:   eb20f848 eb216b80 eb1e11f8 eb1e11f8
0xe0f5e728:   e0f5e7f8 f5493004 e0f5e7f8 e362f180 

Instructions: (pc=0xe2603ea4)
0xe2603da4:   74 30 9f e5 74 10 9f e5 03 30 8f e0 90 00 8d e8
0xe2603db4:   d5 3f 83 e2 01 10 8f e0 00 20 a0 e1 06 00 a0 e1
0xe2603dc4:   2a c1 ff eb 05 00 e0 e3 85 ff ff ea 37 c0 ff eb
0xe2603dd4:   e4 a4 03 00 cc 03 00 00 d0 a8 03 00 08 d7 03 00
0xe2603de4:   74 a8 03 00 2c 27 02 00 d8 03 00 00 14 b6 03 00
0xe2603df4:   88 33 02 00 8c 26 02 00 b4 b5 03 00 7c 3f 02 00
0xe2603e04:   20 a7 03 00 34 26 02 00 70 39 02 00 cc a6 03 00
0xe2603e14:   e0 25 02 00 94 3e 02 00 74 a6 03 00 88 25 02 00
0xe2603e24:   9c 3e 02 00 f0 43 2d e9 44 d0 4d e2 d4 51 9f e5
0xe2603e34:   d4 31 9f e5 05 50 8f e0 d0 21 9f e5 03 60 95 e7
0xe2603e44:   02 20 8f e0 00 40 a0 e1 00 30 96 e5 3c 30 8d e5
0xe2603e54:   2c 30 92 e5 03 00 53 e3 02 00 00 9a 34 10 92 e5
0xe2603e64:   01 1b 11 e2 17 00 00 0a a4 31 9f e5 03 30 8f e0
0xe2603e74:   0c 37 13 e5 00 00 53 e3 36 00 00 0a 35 00 54 e3
0xe2603e84:   49 00 00 8a 8c 21 9f e5 a4 32 a0 e1 02 20 8f e0
0xe2603e94:   0d 30 83 e2 3c 10 92 e5 1f 40 04 e2 01 20 a0 e3
0xe2603ea4:   03 31 91 e7 12 34 13 e0 02 00 a0 11 00 00 a0 03
0xe2603eb4:   3c 20 9d e5 00 30 96 e5 03 00 52 e1 50 00 00 1a
0xe2603ec4:   44 d0 8d e2 f0 83 bd e8 4c 31 9f e5 4c 71 9f e5
0xe2603ed4:   08 80 8d e2 03 30 95 e7 07 70 8f e0 08 00 a0 e1
0xe2603ee4:   00 90 93 e5 51 c0 ff eb 08 31 97 e5 08 20 9d e5
0xe2603ef4:   03 00 52 e1 0b 00 00 0a 08 00 a0 e1 10 80 8d e2
0xe2603f04:   08 10 a0 e1 0d c0 ff eb 14 21 9f e5 08 30 a0 e1
0xe2603f14:   02 20 8f e0 20 10 a0 e3 11 0e 87 e2 7f c0 ff eb
0xe2603f24:   08 30 9d e5 08 31 87 e5 f8 30 9f e5 f8 20 9f e5
0xe2603f34:   f8 10 9f e5 03 30 8f e0 02 20 8f e0 00 40 8d e5
0xe2603f44:   09 00 a0 e1 dd 3f 83 e2 11 2e 82 e2 01 10 8f e0
0xe2603f54:   c6 c0 ff eb c3 ff ff ea d4 30 9f e5 03 30 8f e0
0xe2603f64:   2c 20 93 e5 34 30 93 e5 01 0b 13 e3 1e 00 e0 13
0xe2603f74:   ce ff ff 1a a0 30 9f e5 03 30 95 e7 00 40 93 e5
0xe2603f84:   74 c2 ff eb ac 30 9f e5 ac 10 9f e5 03 30 8f e0
0xe2603f94:   01 10 8f e0 dd 3f 83 e2 00 20 a0 e1 04 00 a0 e1 


Stack slot to memory mapping:
stack at sp + 0 slots: 0xe0f5e54c is pointing into the stack for thread: 0xe289e1e8
stack at sp + 1 slots: 0xf7c3ddd0: <offset 0x00689dd0> in /usr/lib/jvm/java-17-openjdk-armhf/lib/client/libjvm.so at 0xf75b4000
stack at sp + 2 slots: 0x0 is NULL
stack at sp + 3 slots: 0x0 is NULL
stack at sp + 4 slots: 0xe0f5e570 is pointing into the stack for thread: 0xe289e1e8
stack at sp + 5 slots: 0xf50e26a4 is at entry_point+244 in (nmethod*)0xf50e24c8
Compiled method (n/a)  142309  174     n       java.lang.Object::clone (native)
 total in heap  [0xf50e24c8,0xf50e26c4] = 508
 relocation     [0xf50e25ac,0xf50e25b0] = 4
 main code      [0xf50e25b0,0xf50e26c4] = 276
stack at sp + 6 slots: 0xe4300bd8 points into unknown readable memory: 0xe53657b0 | b0 57 36 e5
stack at sp + 7 slots: 0xe53657b0 is an oop: [Lcom.pi4j.library.pigpio.PiGpioState; 
{0xe53657b0} - klass: 'com/pi4j/library/pigpio/PiGpioState'[]
 - length: 3


Compiled method (n/a)  142312 2704     n       com.pi4j.library.pigpio.internal.PIGPIO::gpioRead (native)
 total in heap  [0xf5444608,0xf5444808] = 512
 relocation     [0xf54446ec,0xf54446f4] = 8
 main code      [0xf5444700,0xf5444800] = 256
 oops           [0xf5444800,0xf5444808] = 8

[Constant Pool (empty)]

[MachCode]
[Entry Point]
  # {method} {0xe173f620} 'gpioRead' '(I)I' in 'com/pi4j/library/pigpio/internal/PIGPIO'
  # parm0:    r0        = int
  #           [sp+0x20]  (sp of caller)
  0xf5444700: 04c0 90e5 | 0800 5ce1 | 0000 000a 

  0xf544470c: ;   {runtime_call ic_miss_stub}
  0xf544470c: 6fe2 f0ea 
[Verified Entry Point]
  0xf5444710: 50cc 4de2 | 0000 cce5 | 0048 2de9 | 0db0 a0e1 | 18d0 4de2 | 0020 a0e1 

  0xf5444728: ;   {oop(a 'java/lang/Class'{0xeb1a8fc8} = 'com/pi4j/library/pigpio/internal/PIGPIO')}
  0xf5444728: c8cf 08e3 | 1acb 4ee3 | 0010 8de2 | 00c0 8de5 | f0b1 8ae5 | ecf1 8ae5 | e8d1 8ae5 | 5ef0 7ff5 
  0xf5444748: 7e0f 8ae2 | 04c0 a0e3 | 40c2 8ae5 | 25e4 0de3 | 6ee2 4ee3 | 3eff 2fe1 | 05c0 a0e3 | 40c2 8ae5 
  0xf5444768: 5ff0 7ff5 | 4422 9ae5 | 0000 12e3 | 1400 000a | 3432 9ae5 | 0000 53e3 | 1100 001a | 08c0 a0e3 
  0xf5444788: 6422 9ae5 | 40c2 8ae5 | 0200 52e3 | 1300 000a | b8e0 9ae5 | 00c0 a0e3 | e8c1 8ae5 | f0c1 8ae5 
  0xf54447a8: ecc1 8ae5 | 80c0 8ee5 | 04c0 9ae5 | 0bd0 a0e1 | 0000 5ce3 | 0088 bd08 | 04b0 9d14 | 0450 9d14 
  0xf54447c8: ;   {runtime_call StubRoutines (1)}
  0xf54447c8: 801a f0ea | 0300 2de9 | 0a00 a0e1 | 60ed 0de3 | c3e7 4fe3 | 3eff 2fe1 | 0300 bde8 | e6ff ffea 
  0xf54447e8: 0300 2de9 | 5ce2 0ae3 | bae7 4fe3 | 3eff 2fe1 | 0300 bde8 | e5ff ffea 
[/MachCode]


Compiled method (c1)  142319 2738             com.pi4j.library.pigpio.impl.PiGpioNativeImpl::gpioRead (84 bytes)
 total in heap  [0xf544e048,0xf544ee50] = 3592
 relocation     [0xf544e12c,0xf544e204] = 216
 main code      [0xf544e210,0xf544e8d0] = 1728
 stub code      [0xf544e8d0,0xf544e94c] = 124
 oops           [0xf544e94c,0xf544e980] = 52
 metadata       [0xf544e980,0xf544e9f4] = 116
 scopes data    [0xf544e9f4,0xf544eba4] = 432
 scopes pcs     [0xf544eba4,0xf544edc4] = 544
 dependencies   [0xf544edc4,0xf544edec] = 40
 nul chk table  [0xf544edec,0xf544ee50] = 100

[Constant Pool (empty)]

[MachCode]
[Entry Point]
  # {method} {0xe1710928} 'gpioRead' '(I)Lcom/pi4j/library/pigpio/PiGpioState;' in 'com/pi4j/library/pigpio/impl/PiGpioNativeImpl'
  # this:     r0        = 'com/pi4j/library/pigpio/impl/PiGpioNativeImpl'
  # parm0:    r1        = int
  #           [sp+0x78]  (sp of caller)
  0xf544e210: 04c0 90e5 | 0800 5ce1 | 0000 000a 

  0xf544e21c: ;   {runtime_call ic_miss_stub}
  0xf544e21c: abbb f0ea 
[Verified Entry Point]
  0xf544e220: 50cc 4de2 | 0000 cce5 | 0048 2de9 | 70d0 4de2 | 5800 8de5 | 5c10 8de5 | 2440 90e5 | 7f20 e0e3 
  0xf544e240: 0200 51e1 | 0100 00ba | 7f00 51e3 | 1200 00da | 0150 a0e1 

  0xf544e254: ;   {metadata('java/lang/Integer')}
  0xf544e254: 2816 04e3 | 0e13 4ee3 | d000 9ae5 | d830 9ae5 | 1020 80e2 | 0300 52e1 | 6601 008a | d020 8ae5 
  0xf544e274: 0130 a0e3 | 0030 80e5 | 0410 80e5 | 0030 a0e3 | 0830 80e5 | 0c30 80e5 | 5ef0 7ff5 | 0850 80e5 
  0xf544e294: 5ef0 7ff5 | 0500 00ea | 0150 a0e1 | 8000 85e2 

  0xf544e2a4: ;   {oop(a 'java/lang/Integer'[256] {0xea408f38})}
  0xf544e2a4: 381f 08e3 | 401a 4ee3 | 0001 81e0 

  0xf544e2b0: ; implicit exception: dispatches to 0xf544e814
  0xf544e2b0: 0c00 90e5 | 0030 a0e1 | 0420 b0e1 | 0600 000a 

  0xf544e2c0: ;   {metadata('org/slf4j/helpers/AbstractLogger')}
  0xf544e2c0: 8019 04e3 | c813 4ee3 | 0400 9215 | 0200 000a | 24c0 90e5 | 0100 5ce1 | 4e01 001a 

  0xf544e2dc: ; implicit exception: dispatches to 0xf544e820
  0xf544e2dc: 0c20 94e5 | 0000 52e3 | 0020 a0c3 | 0120 a0d3 | 0120 02e2 | 0120 02e2 | 0000 52e3 | 3700 000a 
  0xf544e2fc: 0120 a0e3 

  0xf544e300: ;   {metadata('java/lang/Object'[])}
  0xf544e300: e01e 0ce3 | 0e13 4ee3 | 4007 52e3 | 4401 002a | 13c0 a0e3 | 02c1 8ce0 | 07c0 cce3 | d000 9ae5 
  0xf544e320: d880 9ae5 | 0c70 80e0 | 0800 57e1 | 3c01 008a | d070 8ae5 | 0180 a0e3 | 0080 80e5 | 0410 80e5 
  0xf544e340: 0820 80e5 | 0ce0 80e2 | 0080 a0e3 | 0700 5ee1 | 0480 8e34 | fcff ff3a | 5ef0 7ff5 | 0070 a0e1 
  0xf544e360: 0000 53e3 | 0d00 000a 

  0xf544e368: ; implicit exception: dispatches to 0xf544e82c
  0xf544e368: 0410 97e5 | 0400 93e5 | 8810 91e5 | 10c0 91e5 | 0cc0 90e7 | 0100 50e1 | 0100 5c11 | 0500 000a 
  0xf544e388: 10c0 91e5 | 1800 5ce3 | 2601 001a 

  0xf544e394: ;   {runtime_call slow_subtype_check Runtime1 stub}
  0xf544e394: 1d48 f0eb | 0000 50e3 | 2301 000a | 0c10 87e2 | 0030 81e5 | 00e0 03e3 | 82e4 4fe3 | a1e4 cee7 
  0xf544e3b4: ;   {oop("[GPIO::GET] -> PIN: {}"{0xeb1b26c0})}
  0xf544e3b4: c036 02e3 | 1b3b 4ee3 

  0xf544e3bc: ;   {oop(a 'org/slf4j/event/Level'{0xeb1b26d8})}
  0xf544e3bc: d816 02e3 | 1b1b 4ee3 | 0020 a0e3 | 0070 8de5 | 0000 a0e3 | 0400 8de5 | 0400 a0e1 

  0xf544e3d8: ; ImmutableOopMap {[88]=Oop }
              ;*invokevirtual handleNormalizedLoggingCall {reexecute=0 rethrow=0 return_oop=0}
              ; - org.slf4j.helpers.AbstractLogger::handle_1ArgsCall@14 (line 386)
              ; - org.slf4j.helpers.AbstractLogger::trace@14 (line 82)
              ; - com.pi4j.library.pigpio.impl.PiGpioNativeImpl::gpioRead@10 (line 255)
              ;   {optimized virtual_call}
  0xf544e3d8: 7cbb f0eb | 5800 9de5 | 0810 d0e5 | 0000 51e3 | e900 000a | 5c10 9de5 | 0020 a0e3 | 0030 a0e1 
  0xf544e3f8: 0300 a0e1 

  0xf544e3fc: ; ImmutableOopMap {[88]=Oop }
              ;*invokevirtual validatePin {reexecute=0 rethrow=0 return_oop=0}
              ; - com.pi4j.library.pigpio.impl.PiGpioBase::validatePin@3 (line 140)
              ; - com.pi4j.library.pigpio.impl.PiGpioNativeImpl::gpioRead@21 (line 257)
              ;   {optimized virtual_call}
  0xf544e3fc: 3bf6 ffeb | 5c00 9de5 

  0xf544e404: ; ImmutableOopMap {[88]=Oop }
              ;*invokestatic gpioRead {reexecute=0 rethrow=0 return_oop=0}
              ; - com.pi4j.library.pigpio.impl.PiGpioNativeImpl::gpioRead@25 (line 258)
              ;   {static_call}
  0xf544e404: c1d8 ffeb | 0020 a0e1 | c03f a0e1 | 0110 a0e3 | 0010 8de5 | 6000 8de5 | 5800 9de5 

  0xf544e420: ; ImmutableOopMap {[88]=Oop }
              ;*invokevirtual validateResult {reexecute=0 rethrow=0 return_oop=0}
              ; - com.pi4j.library.pigpio.impl.PiGpioBase::validateResult@3 (line 251)
              ; - com.pi4j.library.pigpio.impl.PiGpioNativeImpl::gpioRead@32 (line 259)
              ;   {optimized virtual_call}
  0xf544e420: 1ef7 ffeb | 7f10 e0e3 | 6020 9de5 | 0100 52e1 | 0100 00ba | 7f00 52e3 | 1100 00da 

  0xf544e43c: ;   {metadata('java/lang/Integer')}
  0xf544e43c: 2816 04e3 | 0e13 4ee3 | d000 9ae5 | d840 9ae5 | 1030 80e2 | 0400 53e1 | f700 008a | d030 8ae5 
  0xf544e45c: 0140 a0e3 | 0040 80e5 | 0410 80e5 | 0040 a0e3 | 0840 80e5 | 0c40 80e5 | 5ef0 7ff5 | 0820 80e5 
  0xf544e47c: 5ef0 7ff5 | 0400 00ea | 8000 82e2 

  0xf544e488: ;   {oop(a 'java/lang/Integer'[256] {0xea408f38})}
  0xf544e488: 381f 08e3 | 401a 4ee3 | 0001 81e0 

  0xf544e494: ; implicit exception: dispatches to 0xf544e840
  0xf544e494: 0c00 90e5 

  0xf544e498: ; ImmutableOopMap {[88]=Oop }
              ;*invokestatic from {reexecute=0 rethrow=0 return_oop=0}
              ; - com.pi4j.library.pigpio.impl.PiGpioNativeImpl::gpioRead@39 (line 260)
              ;   {static_call}
  0xf544e498: 74e5 ffeb | 5820 9de5 | 2440 92e5 | 0320 a0e3 

  0xf544e4a8: ;   {metadata('java/lang/Object'[])}
  0xf544e4a8: e01e 0ce3 | 0e13 4ee3 | 0050 a0e1 | 4007 52e3 | e100 002a | 13c0 a0e3 | 02c1 8ce0 | 07c0 cce3 
  0xf544e4c8: d000 9ae5 | d860 9ae5 | 0c30 80e0 | 0600 53e1 | d900 008a | d030 8ae5 | 0160 a0e3 | 0060 80e5 
  0xf544e4e8: 0410 80e5 | 0820 80e5 | 0ce0 80e2 | 0060 a0e3 | 0300 5ee1 | 0460 8e34 | fcff ff3a | 5ef0 7ff5 
  0xf544e508: 0060 a0e1 | 7f10 e0e3 | 5c20 9de5 | 0100 52e1 | 0100 00ba | 7f00 52e3 | 1100 00da 

  0xf544e524: ;   {metadata('java/lang/Integer')}
  0xf544e524: 2816 04e3 | 0e13 4ee3 | d000 9ae5 | d870 9ae5 | 1030 80e2 | 0700 53e1 | c200 008a | d030 8ae5 
  0xf544e544: 0170 a0e3 | 0070 80e5 | 0410 80e5 | 0070 a0e3 | 0870 80e5 | 0c70 80e5 | 5ef0 7ff5 | 0820 80e5 
  0xf544e564: 5ef0 7ff5 | 0400 00ea | 8000 82e2 

  0xf544e570: ;   {oop(a 'java/lang/Integer'[256] {0xea408f38})}
  0xf544e570: 381f 08e3 | 401a 4ee3 | 0001 81e0 

  0xf544e57c: ; implicit exception: dispatches to 0xf544e854
  0xf544e57c: 0c00 90e5 | 0020 a0e1 | 0000 52e3 | 0d00 000a 

  0xf544e58c: ; implicit exception: dispatches to 0xf544e858
  0xf544e58c: 0410 96e5 | 0400 92e5 | 8810 91e5 | 10c0 91e5 | 0cc0 90e7 | 0100 50e1 | 0100 5c11 | 0500 000a 
  0xf544e5ac: 10c0 91e5 | 1800 5ce3 | a800 001a 

  0xf544e5b8: ;   {runtime_call slow_subtype_check Runtime1 stub}
  0xf544e5b8: 9447 f0eb | 0000 50e3 | a500 000a | 0c00 86e2 | 0020 80e5 | 00e0 03e3 | 82e4 4fe3 | a0e4 cee7 
  0xf544e5d8: ; implicit exception: dispatches to 0xf544e864
  0xf544e5d8: 0c20 95e5 | 0000 52e3 | 0d00 000a 

  0xf544e5e4: ; implicit exception: dispatches to 0xf544e868
  0xf544e5e4: 0410 96e5 | 0400 92e5 | 8810 91e5 | 10c0 91e5 | 0cc0 90e7 | 0100 50e1 | 0100 5c11 | 0500 000a 
  0xf544e604: 10c0 91e5 | 1800 5ce3 | 9600 001a 

  0xf544e610: ;   {runtime_call slow_subtype_check Runtime1 stub}
  0xf544e610: 7e47 f0eb | 0000 50e3 | 9300 000a | 1010 86e2 | 0020 81e5 | 00e0 03e3 | 82e4 4fe3 | a1e4 cee7 
  0xf544e630: 1020 95e5 | 7f10 e0e3 | 0100 52e1 | 0100 00ba | 7f00 52e3 | 1100 00da 

  0xf544e648: ;   {metadata('java/lang/Integer')}
  0xf544e648: 2816 04e3 | 0e13 4ee3 | d000 9ae5 | d870 9ae5 | 1030 80e2 | 0700 53e1 | 8300 008a | d030 8ae5 
  0xf544e668: 0170 a0e3 | 0070 80e5 | 0410 80e5 | 0070 a0e3 | 0870 80e5 | 0c70 80e5 | 5ef0 7ff5 | 0820 80e5 
  0xf544e688: 5ef0 7ff5 | 0400 00ea | 8000 82e2 

  0xf544e694: ;   {oop(a 'java/lang/Integer'[256] {0xea408f38})}
  0xf544e694: 381f 08e3 | 401a 4ee3 | 0001 81e0 

  0xf544e6a0: ; implicit exception: dispatches to 0xf544e87c
  0xf544e6a0: 0c00 90e5 | 0020 a0e1 | 0000 52e3 | 0d00 000a 

  0xf544e6b0: ; implicit exception: dispatches to 0xf544e880
  0xf544e6b0: 0410 96e5 | 0400 92e5 | 8810 91e5 | 10c0 91e5 | 0cc0 90e7 | 0100 50e1 | 0100 5c11 | 0500 000a 
  0xf544e6d0: 10c0 91e5 | 1800 5ce3 | 6900 001a 

  0xf544e6dc: ;   {runtime_call slow_subtype_check Runtime1 stub}
  0xf544e6dc: 4b47 f0eb | 0000 50e3 | 6600 000a | 1400 86e2 | 0020 80e5 | 00e0 03e3 | 82e4 4fe3 | a0e4 cee7 
  0xf544e6fc: 0420 b0e1 | 0600 000a 

  0xf544e704: ;   {metadata('org/slf4j/helpers/AbstractLogger')}
  0xf544e704: 8019 04e3 | c813 4ee3 | 0400 9215 | 0200 000a | 24c0 90e5 | 0100 5ce1 | 5a00 001a 

  0xf544e720: ; implicit exception: dispatches to 0xf544e894
  0xf544e720: 0c10 94e5 | 0000 51e3 | 0010 a0c3 | 0110 a0d3 | 0110 01e2 | 0110 01e2 | 0000 51e3 | 0500 001a 
  0xf544e740: 0500 a0e1 | 70d0 8de2 | 0048 bde8 | 48c2 9ae5 

  0xf544e750: ;   {poll_return}
  0xf544e750: 00c0 9ce5 | 1eff 2fe1 | 6450 8de5 

  0xf544e75c: ;   {oop("[GPIO::GET] <- PIN: {} is {}({})"{0xeb1b26f0})}
  0xf544e75c: f036 02e3 | 1b3b 4ee3 

  0xf544e764: ;   {oop(a 'org/slf4j/event/Level'{0xeb1b26d8})}
  0xf544e764: d816 02e3 | 1b1b 4ee3 | 0020 a0e3 | 0060 8de5 | 0400 a0e1 

  0xf544e778: ; ImmutableOopMap {[100]=Oop }
              ;*invokespecial handleArgArrayCall {reexecute=0 rethrow=0 return_oop=0}
              ; - org.slf4j.helpers.AbstractLogger::trace@14 (line 96)
              ; - com.pi4j.library.pigpio.impl.PiGpioNativeImpl::gpioRead@77 (line 261)
              ;   {optimized virtual_call}
  0xf544e778: 94ba f0eb | 6400 9de5 | 70d0 8de2 | 0048 bde8 | 48c2 9ae5 

  0xf544e78c: ;   {poll_return}
  0xf544e78c: 00c0 9ce5 | 1eff 2fe1 

  0xf544e794: ;   {metadata('com/pi4j/library/pigpio/PiGpioException')}
  0xf544e794: d81e 0ae3 | 7111 4ee3 | bf40 d1e5 

  0xf544e7a0: ; implicit exception: dispatches to 0xf544e898
  0xf544e7a0: 0400 54e3 | 3c00 001a | d000 9ae5 | d850 9ae5 | 2040 80e2 | 0500 54e1 | 3700 008a | d040 8ae5 
  0xf544e7c0: 0150 a0e3 | 0050 80e5 | 0410 80e5 | 0050 a0e3 | 0850 80e5 | 0c50 80e5 | 1050 80e5 | 1450 80e5 
  0xf544e7e0: 1850 80e5 | 1c50 80e5 | 5ef0 7ff5 

  0xf544e7ec: ;   {oop("PIGPIO NOT INITIALIZED; make sure you call the PiGpio::initialize() function first."{0xeb21d330})}
  0xf544e7ec: 3013 0de3 | 211b 4ee3 | 0040 a0e1 | 0400 a0e1 | 6840 8de5 

  0xf544e800: ; ImmutableOopMap {[104]=Oop [88]=Oop }
              ;*invokespecial <init> {reexecute=0 rethrow=0 return_oop=0}
              ; - com.pi4j.library.pigpio.impl.PiGpioBase::validateInitialized@13 (line 94)
              ; - com.pi4j.library.pigpio.impl.PiGpioBase::validateReady@1 (line 86)
              ; - com.pi4j.library.pigpio.impl.PiGpioNativeImpl::gpioRead@16 (line 256)
              ;   {optimized virtual_call}
  0xf544e800: 72ba f0eb | 6840 9de5 | 2a00 00ea 

  0xf544e80c: ; ImmutableOopMap {r4=Oop [88]=Oop }
              ;*new {reexecute=0 rethrow=0 return_oop=0}
              ; - java.lang.Integer::valueOf@23 (line 1081)
              ; - com.pi4j.library.pigpio.impl.PiGpioNativeImpl::gpioRead@7 (line 255)
              ;   {runtime_call fast_new_instance Runtime1 stub}
  0xf544e80c: 0f49 f0eb | 9efe ffea 

  0xf544e814: ; ImmutableOopMap {r4=Oop [88]=Oop }
              ;*aaload {reexecute=0 rethrow=0 return_oop=0}
              ; - java.lang.Integer::valueOf@21 (line 1080)
              ; - com.pi4j.library.pigpio.impl.PiGpioNativeImpl::gpioRead@7 (line 255)
              ;   {runtime_call throw_null_pointer_exception Runtime1 stub}
  0xf544e814: 9d49 f0eb | 0020 8de5 

  0xf544e81c: ; ImmutableOopMap {r4=Oop [88]=Oop r3=Oop }
              ;*invokeinterface trace {reexecute=0 rethrow=0 return_oop=0}
              ; - com.pi4j.library.pigpio.impl.PiGpioNativeImpl::gpioRead@10 (line 255)
              ;   {runtime_call throw_incompatible_class_change_error Runtime1 stub}
  0xf544e81c: 2b47 f0eb 

  0xf544e820: ; ImmutableOopMap {r4=Oop [88]=Oop r3=Oop }
              ;*invokeinterface trace {reexecute=0 rethrow=0 return_oop=0}
              ; - com.pi4j.library.pigpio.impl.PiGpioNativeImpl::gpioRead@10 (line 255)
              ;   {runtime_call throw_null_pointer_exception Runtime1 stub}
  0xf544e820: 9a49 f0eb 

  0xf544e824: ; ImmutableOopMap {r3=Oop r4=Oop [88]=Oop }
              ;*anewarray {reexecute=0 rethrow=0 return_oop=0}
              ; - org.slf4j.helpers.AbstractLogger::handle_1ArgsCall@5 (line 386)
              ; - org.slf4j.helpers.AbstractLogger::trace@14 (line 82)
              ; - com.pi4j.library.pigpio.impl.PiGpioNativeImpl::gpioRead@10 (line 255)
              ;   {runtime_call new_object_array Runtime1 stub}
  0xf544e824: 7948 f0eb | cbfe ffea 

  0xf544e82c: ; ImmutableOopMap {r3=Oop r4=Oop [88]=Oop r7=Oop }
              ;*aastore {reexecute=1 rethrow=0 return_oop=0}
              ; - (reexecute) org.slf4j.helpers.AbstractLogger::handle_1ArgsCall@12 (line 386)
              ; - org.slf4j.helpers.AbstractLogger::trace@14 (line 82)
              ; - com.pi4j.library.pigpio.impl.PiGpioNativeImpl::gpioRead@10 (line 255)
              ;   {runtime_call throw_null_pointer_exception Runtime1 stub}
  0xf544e82c: 9749 f0eb | 0030 8de5 

  0xf544e834: ; ImmutableOopMap {r3=Oop r4=Oop [88]=Oop r7=Oop }
              ;*aastore {reexecute=1 rethrow=0 return_oop=0}
              ; - (reexecute) org.slf4j.helpers.AbstractLogger::handle_1ArgsCall@12 (line 386)
              ; - org.slf4j.helpers.AbstractLogger::trace@14 (line 82)
              ; - com.pi4j.library.pigpio.impl.PiGpioNativeImpl::gpioRead@10 (line 255)
              ;   {runtime_call throw_array_store_exception Runtime1 stub}
  0xf544e834: 8547 f0eb 

  0xf544e838: ; ImmutableOopMap {[88]=Oop }
              ;*new {reexecute=0 rethrow=0 return_oop=0}
              ; - java.lang.Integer::valueOf@23 (line 1081)
              ; - com.pi4j.library.pigpio.impl.PiGpioNativeImpl::gpioRead@36 (line 260)
              ;   {runtime_call fast_new_instance Runtime1 stub}
  0xf544e838: 0449 f0eb | 0dff ffea 

  0xf544e840: ; ImmutableOopMap {[88]=Oop }
              ;*aaload {reexecute=0 rethrow=0 return_oop=0}
              ; - java.lang.Integer::valueOf@21 (line 1080)
              ; - com.pi4j.library.pigpio.impl.PiGpioNativeImpl::gpioRead@36 (line 260)
              ;   {runtime_call throw_null_pointer_exception Runtime1 stub}
  0xf544e840: 9249 f0eb 

  0xf544e844: ; ImmutableOopMap {r4=Oop r5=Oop }
              ;*anewarray {reexecute=0 rethrow=0 return_oop=0}
              ; - com.pi4j.library.pigpio.impl.PiGpioNativeImpl::gpioRead@50 (line 261)
              ;   {runtime_call new_object_array Runtime1 stub}
  0xf544e844: 7148 f0eb | 2eff ffea 

  0xf544e84c: ; ImmutableOopMap {r4=Oop r5=Oop r6=Oop }
              ;*new {reexecute=0 rethrow=0 return_oop=0}
              ; - java.lang.Integer::valueOf@23 (line 1081)
              ; - com.pi4j.library.pigpio.impl.PiGpioNativeImpl::gpioRead@56 (line 261)
              ;   {runtime_call fast_new_instance Runtime1 stub}
  0xf544e84c: ff48 f0eb | 42ff ffea 

  0xf544e854: ; ImmutableOopMap {r4=Oop r5=Oop r6=Oop }
              ;*aaload {reexecute=0 rethrow=0 return_oop=0}
              ; - java.lang.Integer::valueOf@21 (line 1080)
              ; - com.pi4j.library.pigpio.impl.PiGpioNativeImpl::gpioRead@56 (line 261)
              ;   {runtime_call throw_null_pointer_exception Runtime1 stub}
  0xf544e854: 8d49 f0eb 

  0xf544e858: ; ImmutableOopMap {r4=Oop r5=Oop r6=Oop r2=Oop }
              ;*aastore {reexecute=1 rethrow=0 return_oop=0}
              ; - (reexecute) com.pi4j.library.pigpio.impl.PiGpioNativeImpl::gpioRead@59 (line 261)
              ;   {runtime_call throw_null_pointer_exception Runtime1 stub}
  0xf544e858: 8c49 f0eb | 0020 8de5 

  0xf544e860: ; ImmutableOopMap {r4=Oop r5=Oop r6=Oop r2=Oop }
              ;*aastore {reexecute=1 rethrow=0 return_oop=0}
              ; - (reexecute) com.pi4j.library.pigpio.impl.PiGpioNativeImpl::gpioRead@59 (line 261)
              ;   {runtime_call throw_array_store_exception Runtime1 stub}
  0xf544e860: 7a47 f0eb 

  0xf544e864: ; ImmutableOopMap {r4=Oop r5=Oop r6=Oop }
              ;*invokevirtual name {reexecute=0 rethrow=0 return_oop=0}
              ; - com.pi4j.library.pigpio.impl.PiGpioNativeImpl::gpioRead@63 (line 261)
              ;   {runtime_call throw_null_pointer_exception Runtime1 stub}
  0xf544e864: 8949 f0eb 

  0xf544e868: ; ImmutableOopMap {r4=Oop r5=Oop r6=Oop r2=Oop }
              ;*aastore {reexecute=1 rethrow=0 return_oop=0}
              ; - (reexecute) com.pi4j.library.pigpio.impl.PiGpioNativeImpl::gpioRead@66 (line 261)
              ;   {runtime_call throw_null_pointer_exception Runtime1 stub}
  0xf544e868: 8849 f0eb | 0020 8de5 

  0xf544e870: ; ImmutableOopMap {r4=Oop r5=Oop r6=Oop r2=Oop }
              ;*aastore {reexecute=1 rethrow=0 return_oop=0}
              ; - (reexecute) com.pi4j.library.pigpio.impl.PiGpioNativeImpl::gpioRead@66 (line 261)
              ;   {runtime_call throw_array_store_exception Runtime1 stub}
  0xf544e870: 7647 f0eb 

  0xf544e874: ; ImmutableOopMap {r4=Oop r5=Oop r6=Oop }
              ;*new {reexecute=0 rethrow=0 return_oop=0}
              ; - java.lang.Integer::valueOf@23 (line 1081)
              ; - com.pi4j.library.pigpio.impl.PiGpioNativeImpl::gpioRead@73 (line 261)
              ;   {runtime_call fast_new_instance Runtime1 stub}
  0xf544e874: f548 f0eb | 81ff ffea 

  0xf544e87c: ; ImmutableOopMap {r4=Oop r5=Oop r6=Oop }
              ;*aaload {reexecute=0 rethrow=0 return_oop=0}
              ; - java.lang.Integer::valueOf@21 (line 1080)
              ; - com.pi4j.library.pigpio.impl.PiGpioNativeImpl::gpioRead@73 (line 261)
              ;   {runtime_call throw_null_pointer_exception Runtime1 stub}
  0xf544e87c: 8349 f0eb 

  0xf544e880: ; ImmutableOopMap {r4=Oop r5=Oop r6=Oop r2=Oop }
              ;*aastore {reexecute=1 rethrow=0 return_oop=0}
              ; - (reexecute) com.pi4j.library.pigpio.impl.PiGpioNativeImpl::gpioRead@76 (line 261)
              ;   {runtime_call throw_null_pointer_exception Runtime1 stub}
  0xf544e880: 8249 f0eb | 0020 8de5 

  0xf544e888: ; ImmutableOopMap {r4=Oop r5=Oop r6=Oop r2=Oop }
              ;*aastore {reexecute=1 rethrow=0 return_oop=0}
              ; - (reexecute) com.pi4j.library.pigpio.impl.PiGpioNativeImpl::gpioRead@76 (line 261)
              ;   {runtime_call throw_array_store_exception Runtime1 stub}
  0xf544e888: 7047 f0eb | 0020 8de5 

  0xf544e890: ; ImmutableOopMap {r4=Oop r5=Oop r6=Oop }
              ;*invokeinterface trace {reexecute=0 rethrow=0 return_oop=0}
              ; - com.pi4j.library.pigpio.impl.PiGpioNativeImpl::gpioRead@77 (line 261)
              ;   {runtime_call throw_incompatible_class_change_error Runtime1 stub}
  0xf544e890: 0e47 f0eb 

  0xf544e894: ; ImmutableOopMap {r4=Oop r5=Oop r6=Oop }
              ;*invokeinterface trace {reexecute=0 rethrow=0 return_oop=0}
              ; - com.pi4j.library.pigpio.impl.PiGpioNativeImpl::gpioRead@77 (line 261)
              ;   {runtime_call throw_null_pointer_exception Runtime1 stub}
  0xf544e894: 7d49 f0eb 

  0xf544e898: ; ImmutableOopMap {[88]=Oop }
              ;*new {reexecute=0 rethrow=0 return_oop=0}
              ; - com.pi4j.library.pigpio.impl.PiGpioBase::validateInitialized@7 (line 94)
              ; - com.pi4j.library.pigpio.impl.PiGpioBase::validateReady@1 (line 86)
              ; - com.pi4j.library.pigpio.impl.PiGpioNativeImpl::gpioRead@16 (line 256)
              ;   {runtime_call throw_null_pointer_exception Runtime1 stub}
  0xf544e898: 7c49 f0eb 

  0xf544e89c: ; ImmutableOopMap {[88]=Oop }
              ;*new {reexecute=0 rethrow=0 return_oop=0}
              ; - com.pi4j.library.pigpio.impl.PiGpioBase::validateInitialized@7 (line 94)
              ; - com.pi4j.library.pigpio.impl.PiGpioBase::validateReady@1 (line 86)
              ; - com.pi4j.library.pigpio.impl.PiGpioNativeImpl::gpioRead@16 (line 256)
              ;   {runtime_call fast_new_instance_init_check Runtime1 stub}
  0xf544e89c: bb48 f0eb | d1ff ffea | 0000 a0e1 | 00c0 a0e3 | 7842 9ae5 | 78c2 8ae5 | 7cc2 8ae5 | 70d0 8de2 
  0xf544e8bc: 0048 bde8 

  0xf544e8c0: ;   {runtime_call unwind_exception Runtime1 stub}
  0xf544e8c0: 624a f0ea | ffff ffff | ffff ffff | ffff ffff 
[Stub Code]
  0xf544e8d0: ;   {no_reloc}
  0xf544e8d0: 0090 9fe5 | feff ffea 

  0xf544e8d8: ;   {metadata(NULL)}
  0xf544e8d8: 0000 0000 

  0xf544e8dc: ;   {static_stub}
  0xf544e8dc: 0090 9fe5 | feff ffea 

  0xf544e8e4: ;   {metadata(NULL)}
  0xf544e8e4: 0000 0000 

  0xf544e8e8: ;   {static_stub}
  0xf544e8e8: 0090 9fe5 | feff ffea 

  0xf544e8f0: ;   {metadata(NULL)}
  0xf544e8f0: 0000 0000 

  0xf544e8f4: ;   {static_stub}
  0xf544e8f4: 0090 9fe5 | feff ffea 

  0xf544e8fc: ;   {metadata(NULL)}
  0xf544e8fc: 0000 0000 

  0xf544e900: ;   {static_stub}
  0xf544e900: 0090 9fe5 | feff ffea 

  0xf544e908: ;   {metadata(NULL)}
  0xf544e908: 0000 0000 

  0xf544e90c: ;   {static_stub}
  0xf544e90c: 0090 9fe5 | feff ffea 

  0xf544e914: ;   {metadata(NULL)}
  0xf544e914: 0000 0000 

  0xf544e918: ;   {static_stub}
  0xf544e918: 0090 9fe5 | feff ffea 

  0xf544e920: ;   {metadata(NULL)}
  0xf544e920: 0000 0000 
[Exception Handler]
  0xf544e924: ;   {runtime_call handle_exception_from_callee Runtime1 stub}
  0xf544e924: 7947 f0eb | ffdf 2de9 | 0400 9fe5 | 0d10 a0e1 | 00f0 9fe5 | 9c3f ccf7 | 9026 a9f7 
[Deopt Handler Code]
  0xf544e940: 08e0 4fe2 | 04e0 2de5 

  0xf544e948: ;   {runtime_call DeoptimizationBlob}
  0xf544e948: 04cb f0ea 
[/MachCode]


Compiled method (c1)  142368 2737   !         com.pi4j.plugin.pigpio.provider.gpio.digital.PiGpioDigitalInput::state (99 bytes)
 total in heap  [0xf544da08,0xf544e034] = 1580
 relocation     [0xf544daec,0xf544db48] = 92
 main code      [0xf544db50,0xf544dd90] = 576
 stub code      [0xf544dd90,0xf544dddc] = 76
 oops           [0xf544dddc,0xf544ddfc] = 32
 metadata       [0xf544ddfc,0xf544de44] = 72
 scopes data    [0xf544de44,0xf544dea0] = 92
 scopes pcs     [0xf544dea0,0xf544df60] = 192
 dependencies   [0xf544df60,0xf544df80] = 32
 handler table  [0xf544df80,0xf544e010] = 144
 nul chk table  [0xf544e010,0xf544e034] = 36

[Constant Pool (empty)]

[MachCode]
[Entry Point]
  # {method} {0xe175fc80} 'state' '()Lcom/pi4j/io/gpio/digital/DigitalState;' in 'com/pi4j/plugin/pigpio/provider/gpio/digital/PiGpioDigitalInput'
  #           [sp+0x60]  (sp of caller)
  0xf544db50: 04c0 90e5 | 0800 5ce1 | 0000 000a 

  0xf544db5c: ;   {runtime_call ic_miss_stub}
  0xf544db5c: 5bbd f0ea 
[Verified Entry Point]
  0xf544db60: 50cc 4de2 | 0000 cce5 | 0048 2de9 | 58d0 4de2 | 3420 90e5 | 3030 90e5 | 4800 8de5 | 0250 b0e1 
  0xf544db80: 0600 000a 

  0xf544db84: ;   {metadata('com/pi4j/library/pigpio/impl/PiGpioNativeImpl')}
  0xf544db84: 4811 0ae3 | 7111 4ee3 | 0400 9515 | 0200 000a | 28c0 90e5 | 0100 5ce1 | 5b00 001a 

  0xf544dba0: ; implicit exception: dispatches to 0xf544dd18
  0xf544dba0: 00c0 92e5 | 0310 a0e1 | 0200 a0e1 

  0xf544dbac: ; ImmutableOopMap {[72]=Oop }
              ;*invokeinterface gpioRead {reexecute=0 rethrow=0 return_oop=0}
              ; - com.pi4j.plugin.pigpio.provider.gpio.digital.PiGpioDigitalInput::state@11 (line 118)
              ;   {optimized virtual_call}
  0xf544dbac: 9b01 00eb 

  0xf544dbb0: ; implicit exception: dispatches to 0xf544dd1c
  0xf544dbb0: 0800 90e5 | 0340 a0e3 

  0xf544dbb8: ;   {oop([I{0xeb1b2750})}
  0xf544dbb8: 5017 02e3 | 1b1b 4ee3 | 0000 54e1 | 5500 009a | 0001 81e0 

  0xf544dbcc: ; implicit exception: dispatches to 0xf544dd2c
  0xf544dbcc: 0c00 90e5 | 0100 50e3 | 1100 000a | 0200 50e3 | 0700 000a | 4810 9de5 

  0xf544dbe4: ;   {oop(a 'com/pi4j/io/gpio/digital/DigitalState'{0xeb1b2768})}
  0xf544dbe4: 6807 02e3 | 1b0b 4ee3 | 3800 81e5 | 00e0 03e3 | 82e4 4fe3 | a1e4 cee7 | 0e00 00ea | 4810 9de5 
  0xf544dc04: ;   {oop(a 'com/pi4j/io/gpio/digital/DigitalState'{0xeb1b2780})}
  0xf544dc04: 8007 02e3 | 1b0b 4ee3 | 3800 81e5 | 00e0 03e3 | 82e4 4fe3 | a1e4 cee7 | 0600 00ea | 4810 9de5 
  0xf544dc24: ;   {oop(a 'com/pi4j/io/gpio/digital/DigitalState'{0xeb1b2798})}
  0xf544dc24: 9807 02e3 | 1b0b 4ee3 | 3800 81e5 | 00e0 03e3 | 82e4 4fe3 | a1e4 cee7 | 3800 91e5 | 58d0 8de2 
  0xf544dc44: 0048 bde8 | 48c2 9ae5 

  0xf544dc4c: ;   {poll_return}
  0xf544dc4c: 00c0 9ce5 | 1eff 2fe1 | 7842 9ae5 | 00c0 a0e3 | 78c2 8ae5 | 00c0 a0e3 | 7cc2 8ae5 | 3c10 91e5 
  0xf544dc6c: 0400 a0e1 | 5040 8de5 | 4c10 8de5 | ff8f 0fe3 | ff8f 4fe3 

  0xf544dc80: ; ImmutableOopMap {[76]=Oop [80]=Oop }
              ;*invokevirtual getMessage {reexecute=0 rethrow=0 return_oop=0}
              ; - com.pi4j.plugin.pigpio.provider.gpio.digital.PiGpioDigitalInput::state@86 (line 134)
              ;   {virtual_call}
  0xf544dc80: 92bd f0eb | 0030 a0e1 | 4c40 9de5 | 0420 b0e1 | 0600 000a 

  0xf544dc94: ;   {metadata('org/slf4j/helpers/AbstractLogger')}
  0xf544dc94: 8019 04e3 | c813 4ee3 | 0400 9215 | 0200 000a | 24c0 90e5 | 0100 5ce1 | 1f00 001a 

  0xf544dcb0: ; implicit exception: dispatches to 0xf544dd38
  0xf544dcb0: 0c10 94e5 | 2800 51e3 | 0010 a0c3 | 0110 a0d3 | 0110 01e2 | 0110 01e2 | 0000 51e3 | 0800 000a 
  0xf544dcd0: 5000 9de5 

  0xf544dcd4: ;   {oop(a 'org/slf4j/event/Level'{0xeb1b27b0})}
  0xf544dcd4: b017 02e3 | 1b1b 4ee3 | 0020 a0e3 | 0050 a0e3 | 0050 8de5 | 0400 8de5 | 0400 a0e1 

  0xf544dcf0: ; ImmutableOopMap {}
              ;*invokevirtual handleNormalizedLoggingCall {reexecute=0 rethrow=0 return_oop=0}
              ; - org.slf4j.helpers.AbstractLogger::handle_0ArgsCall@7 (line 382)
              ; - org.slf4j.helpers.AbstractLogger::error@14 (line 347)
              ; - com.pi4j.plugin.pigpio.provider.gpio.digital.PiGpioDigitalInput::state@90 (line 134)
              ;   {optimized virtual_call}
  0xf544dcf0: 36bd f0eb 

  0xf544dcf4: ;   {oop(a 'com/pi4j/io/gpio/digital/DigitalState'{0xeb1b2768})}
  0xf544dcf4: 6807 02e3 | 1b0b 4ee3 | 58d0 8de2 | 0048 bde8 | 48c2 9ae5 

  0xf544dd08: ;   {poll_return}
  0xf544dd08: 00c0 9ce5 | 1eff 2fe1 | 0050 8de5 

  0xf544dd14: ; ImmutableOopMap {r2=Oop [72]=Oop }
              ;*invokeinterface gpioRead {reexecute=0 rethrow=0 return_oop=0}
              ; - com.pi4j.plugin.pigpio.provider.gpio.digital.PiGpioDigitalInput::state@11 (line 118)
              ;   {runtime_call throw_incompatible_class_change_error Runtime1 stub}
  0xf544dd14: ed49 f0eb 

  0xf544dd18: ; ImmutableOopMap {r2=Oop [72]=Oop }
              ;*invokeinterface gpioRead {reexecute=0 rethrow=0 return_oop=0}
              ; - com.pi4j.plugin.pigpio.provider.gpio.digital.PiGpioDigitalInput::state@11 (line 118)
              ;   {runtime_call throw_null_pointer_exception Runtime1 stub}
  0xf544dd18: 5c4c f0eb 

  0xf544dd1c: ; ImmutableOopMap {[72]=Oop }
              ;*invokevirtual ordinal {reexecute=0 rethrow=0 return_oop=0}
              ; - com.pi4j.plugin.pigpio.provider.gpio.digital.PiGpioDigitalInput::state@16 (line 118)
              ;   {runtime_call throw_null_pointer_exception Runtime1 stub}
  0xf544dd1c: 5b4c f0eb | 0000 8de5 | 0410 8de5 

  0xf544dd28: ; ImmutableOopMap {[72]=Oop r1=Oop }
              ;*iaload {reexecute=0 rethrow=0 return_oop=0}
              ; - com.pi4j.plugin.pigpio.provider.gpio.digital.PiGpioDigitalInput::state@19 (line 118)
              ;   {runtime_call throw_range_check_failed Runtime1 stub}
  0xf544dd28: e84c f0eb 

  0xf544dd2c: ; ImmutableOopMap {[72]=Oop }
              ;*iaload {reexecute=0 rethrow=0 return_oop=0}
              ; - com.pi4j.plugin.pigpio.provider.gpio.digital.PiGpioDigitalInput::state@19 (line 118)
              ;   {runtime_call throw_null_pointer_exception Runtime1 stub}
  0xf544dd2c: 574c f0eb | 0020 8de5 

  0xf544dd34: ; ImmutableOopMap {[80]=Oop r3=Oop r4=Oop }
              ;*invokeinterface error {reexecute=0 rethrow=0 return_oop=0}
              ; - com.pi4j.plugin.pigpio.provider.gpio.digital.PiGpioDigitalInput::state@90 (line 134)
              ;   {runtime_call throw_incompatible_class_change_error Runtime1 stub}
  0xf544dd34: e549 f0eb 

  0xf544dd38: ; ImmutableOopMap {[80]=Oop r3=Oop r4=Oop }
              ;*invokeinterface error {reexecute=0 rethrow=0 return_oop=0}
              ; - com.pi4j.plugin.pigpio.provider.gpio.digital.PiGpioDigitalInput::state@90 (line 134)
              ;   {runtime_call throw_null_pointer_exception Runtime1 stub}
  0xf544dd38: 544c f0eb | 4810 9de5 | c3ff ffea | 4810 9de5 | c1ff ffea | 4810 9de5 | bfff ffea | 4810 9de5 
  0xf544dd58: bdff ffea | 4810 9de5 | bbff ffea | 4810 9de5 | b9ff ffea | 0000 a0e1 | 00c0 a0e3 | 7842 9ae5 
  0xf544dd78: 78c2 8ae5 | 7cc2 8ae5 | 58d0 8de2 | 0048 bde8 

  0xf544dd88: ;   {runtime_call unwind_exception Runtime1 stub}
  0xf544dd88: 304d f0ea | ffff ffff 
[Stub Code]
  0xf544dd90: ;   {no_reloc}
  0xf544dd90: 0090 9fe5 | acbb f0ea 

  0xf544dd98: ;   {metadata({method} {0xe1710928} 'gpioRead' '(I)Lcom/pi4j/library/pigpio/PiGpioState;' in 'com/pi4j/library/pigpio/impl/PiGpioNativeImpl')}
  0xf544dd98: 2809 71e1 

  0xf544dd9c: ;   {static_stub}
  0xf544dd9c: 0090 9fe5 | feff ffea 

  0xf544dda4: ;   {metadata(NULL)}
  0xf544dda4: 0000 0000 

  0xf544dda8: ;   {static_stub}
  0xf544dda8: 0090 9fe5 | feff ffea 

  0xf544ddb0: ;   {metadata(NULL)}
  0xf544ddb0: 0000 0000 
[Exception Handler]
  0xf544ddb4: ;   {runtime_call handle_exception_from_callee Runtime1 stub}
  0xf544ddb4: 554a f0eb | ffdf 2de9 | 0400 9fe5 | 0d10 a0e1 | 00f0 9fe5 | 9c3f ccf7 | 9026 a9f7 
[Deopt Handler Code]
  0xf544ddd0: 08e0 4fe2 | 04e0 2de5 

  0xf544ddd8: ;   {runtime_call DeoptimizationBlob}
  0xf544ddd8: e0cd f0ea 
[/MachCode]


---------------  P R O C E S S  ---------------

Threads class SMR info:
_java_thread_list=0xe2e52f68, length=17, elements={
0xf7274770, 0xf7275908, 0xf72970e8, 0xf7298110,
0xf7299110, 0xf729a180, 0xf728d550, 0xe2e0e9f8,
0xe2e151f8, 0xe2ca7270, 0xe289b460, 0xe289bbb8,
0xe289ce38, 0xe4c0f148, 0xe289e1e8, 0xe289fa50,
0xf7214ec8
}

Java Threads: ( => current thread )
  0xf7274770 JavaThread "Reference Handler" daemon [_thread_blocked, id=7902, stack(0xe4db0000,0xe4e00000)]
  0xf7275908 JavaThread "Finalizer" daemon [_thread_blocked, id=7903, stack(0xe4d60000,0xe4db0000)]
  0xf72970e8 JavaThread "Signal Dispatcher" daemon [_thread_blocked, id=7904, stack(0xe4d10000,0xe4d60000)]
  0xf7298110 JavaThread "Service Thread" daemon [_thread_blocked, id=7905, stack(0xe4436000,0xe4486000)]
  0xf7299110 JavaThread "Monitor Deflation Thread" daemon [_thread_blocked, id=7906, stack(0xe42b0000,0xe4300000)]
  0xf729a180 JavaThread "C1 CompilerThread0" daemon [_thread_blocked, id=7907, stack(0xe4230000,0xe42b0000)]
  0xf728d550 JavaThread "Sweeper thread" daemon [_thread_blocked, id=7908, stack(0xe40b0000,0xe4100000)]
  0xe2e0e9f8 JavaThread "Notification Thread" daemon [_thread_blocked, id=7909, stack(0xe4060000,0xe40b0000)]
  0xe2e151f8 JavaThread "Common-Cleaner" daemon [_thread_blocked, id=7911, stack(0xe4010000,0xe4060000)]
  0xe2ca7270 JavaThread "async-io-1" daemon [_thread_blocked, id=7945, stack(0xe2f14000,0xe2f64000)]
  0xe289b460 JavaThread "async-io-2" daemon [_thread_blocked, id=7950, stack(0xe2067000,0xe20b7000)]
  0xe289bbb8 JavaThread "async-io-3" daemon [_thread_blocked, id=7951, stack(0xe2017000,0xe2067000)]
  0xe289ce38 JavaThread "async-io-4" daemon [_thread_blocked, id=7952, stack(0xe0fb0000,0xe1000000)]
  0xe4c0f148 JavaThread "clojure.core.async.timers/timeout-daemon" daemon [_thread_blocked, id=7953, stack(0xe0f60000,0xe0fb0000)]
=>0xe289e1e8 JavaThread "async-io-5" daemon [_thread_in_native, id=7954, stack(0xe0f10000,0xe0f60000)]
  0xe289fa50 JavaThread "async-io-7" daemon [_thread_blocked, id=7956, stack(0xe0e70000,0xe0ec0000)]
  0xf7214ec8 JavaThread "DestroyJavaVM" [_thread_blocked, id=7900, stack(0xf7328000,0xf7378000)]

Other Threads:
  0xf726cc68 VMThread "VM Thread" [stack: 0xf4e19000,0xf4e99000] [id=7901]
  0xe2e0fc58 WatcherThread [stack: 0xe2f80000,0xe3000000] [id=7910]

Threads with active compile tasks:

VM state: not at safepoint (normal execution)

VM Mutex/Monitor currently owned by a thread: None

GC Precious Log:
 CPUs: 4 total, 4 available
 Memory: 3744M
 Large Page Support: Disabled
 NUMA Support: Disabled
 Compressed Oops: Disabled
 Heap Min Capacity: 6M
 Heap Initial Capacity: 16M
 Heap Max Capacity: 256M
 Pre-touch: Disabled

Heap:
 def new generation   total 10112K, used 5846K [0xe4e00000, 0xe58e0000, 0xea340000)
  eden space 9088K,  64% used [0xe4e00000, 0xe53b52f8, 0xe56e0000)
  from space 1024K,   0% used [0xe56e0000, 0xe56e0630, 0xe57e0000)
  to   space 1024K,   0% used [0xe57e0000, 0xe57e0000, 0xe58e0000)
 tenured generation   total 22152K, used 15257K [0xea340000, 0xeb8e2000, 0xf4e00000)
   the space 22152K,  68% used [0xea340000, 0xeb226588, 0xeb226600, 0xeb8e2000)
 Metaspace       used 21648K, committed 24000K, reserved 32768K

Card table byte_map: [0xf4f4a000,0xf4fcb000] _byte_map_base: 0xf4823000

Polling page: 0xf7fbd000

Metaspace:

Usage:
   21.14 MB used.

Virtual space:
     32.00 MB reserved,      23.44 MB ( 73%) committed,  2 nodes.

Chunk freelists:
8.45 MB

MaxMetaspaceSize: unlimited
No class space
Initial GC threshold: 16.00 MB
Current GC threshold: 37.00 MB
CDS: off
MetaspaceReclaimPolicy: balanced
 - commit_granule_bytes: 65536.
 - commit_granule_words: 16384.
 - virtual_space_node_default_size: 4194304.
 - enlarge_chunks_in_place: 1.
 - new_chunks_are_fully_committed: 0.
 - uncommit_free_chunks: 1.
 - use_allocation_guard: 0.
 - handle_deallocations: 1.


Internal statistics:

num_allocs_failed_limit: 3.
num_arena_births: 1484.
num_arena_deaths: 302.
num_vsnodes_births: 2.
num_vsnodes_deaths: 0.
num_space_committed: 375.
num_space_uncommitted: 0.
num_chunks_returned_to_freelist: 325.
num_chunks_taken_from_freelist: 2344.
num_chunk_merges: 87.
num_chunk_splits: 1378.
num_chunks_enlarged: 672.
num_inconsistent_stats: 0.

CodeCache: size=32768Kb used=5847Kb max_used=5847Kb free=26920Kb
 bounds [0xf504b000, 0xf5603000, 0xf704b000]
 total_blobs=3244 nmethods=3022 adapters=156
 compilation: enabled
              stopped_count=0, restarted_count=0
 full_count=0

Compilation events (20 events):
Event: 142.109 Thread 0xf729a180 3010             java.lang.Thread::<init> (29 bytes)
Event: 142.110 Thread 0xf729a180 nmethod 3010 0xf55fc788 code [0xf55fc8c0, 0xf55fcb14]
Event: 142.110 Thread 0xf729a180 3011   !         com.pi4j.library.pigpio.impl.PiGpioNativeImpl$1::call (48 bytes)
Event: 142.112 Thread 0xf729a180 nmethod 3011 0xf55fcc88 code [0xf55fcdd0, 0xf55fd0a8]
Event: 142.112 Thread 0xf729a180 3012             com.pi4j.library.pigpio.PiGpioStateChangeEvent::<init> (20 bytes)
Event: 142.112 Thread 0xf729a180 nmethod 3012 0xf55fd388 code [0xf55fd480, 0xf55fd528]
Event: 142.112 Thread 0xf729a180 3013   !         com.pi4j.library.pigpio.impl.PiGpioBase::dispatchEvent (86 bytes)
Event: 142.114 Thread 0xf729a180 nmethod 3013 0xf55fd588 code [0xf55fd720, 0xf55fdb18]
Event: 142.114 Thread 0xf729a180 3014             com.pi4j.library.pigpio.impl.PiGpioBase$$Lambda$57/0xe17860e0::<init> (15 bytes)
Event: 142.115 Thread 0xf729a180 nmethod 3014 0xf55fe008 code [0xf55fe100, 0xf55fe1a8]
Event: 142.115 Thread 0xf729a180 3015             com.pi4j.library.pigpio.impl.PiGpioBase$$Lambda$58/0xe17864f0::<init> (15 bytes)
Event: 142.115 Thread 0xf729a180 nmethod 3015 0xf55fe208 code [0xf55fe300, 0xf55fe3a8]
Event: 142.115 Thread 0xf729a180 3016             com.pi4j.library.pigpio.impl.PiGpioBase$$Lambda$58/0xe17864f0::accept (16 bytes)
Event: 142.117 Thread 0xf729a180 nmethod 3016 0xf55fe408 code [0xf55fe5b0, 0xf55fe9ac]
Event: 142.117 Thread 0xf729a180 3017   !         com.pi4j.library.pigpio.impl.PiGpioBase::lambda$dispatchEvent$4 (26 bytes)
Event: 142.119 Thread 0xf729a180 nmethod 3017 0xf55fef48 code [0xf55ff0d0, 0xf55ff4a8]
Event: 142.270 Thread 0xf729a180 3019             sun.invoke.util.VerifyAccess::isTypeVisible (118 bytes)
Event: 142.273 Thread 0xf729a180 nmethod 3019 0xf55ffb48 code [0xf55ffd10, 0xf5600268]
Event: 142.278 Thread 0xf729a180 3020             java.util.HashMap::values (25 bytes)
Event: 142.279 Thread 0xf729a180 nmethod 3020 0xf5600748 code [0xf5600840, 0xf5600948]

GC Heap History (20 events):
Event: 138.302 GC heap before
{Heap before GC invocations=344 (full 2):
 def new generation   total 10112K, used 9089K [0xe4e00000, 0xe58e0000, 0xea340000)
  eden space 9088K, 100% used [0xe4e00000, 0xe56e0000, 0xe56e0000)
  from space 1024K,   0% used [0xe56e0000, 0xe56e0618, 0xe57e0000)
  to   space 1024K,   0% used [0xe57e0000, 0xe57e0000, 0xe58e0000)
 tenured generation   total 22152K, used 15257K [0xea340000, 0xeb8e2000, 0xf4e00000)
   the space 22152K,  68% used [0xea340000, 0xeb226588, 0xeb226600, 0xeb8e2000)
 Metaspace       used 21620K, committed 24000K, reserved 32768K
}
Event: 138.304 GC heap after
{Heap after GC invocations=345 (full 2):
 def new generation   total 10112K, used 1K [0xe4e00000, 0xe58e0000, 0xea340000)
  eden space 9088K,   0% used [0xe4e00000, 0xe4e00000, 0xe56e0000)
  from space 1024K,   0% used [0xe57e0000, 0xe57e0618, 0xe58e0000)
  to   space 1024K,   0% used [0xe56e0000, 0xe56e0000, 0xe57e0000)
 tenured generation   total 22152K, used 15257K [0xea340000, 0xeb8e2000, 0xf4e00000)
   the space 22152K,  68% used [0xea340000, 0xeb226588, 0xeb226600, 0xeb8e2000)
 Metaspace       used 21620K, committed 24000K, reserved 32768K
}
Event: 138.714 GC heap before
{Heap before GC invocations=345 (full 2):
 def new generation   total 10112K, used 9089K [0xe4e00000, 0xe58e0000, 0xea340000)
  eden space 9088K, 100% used [0xe4e00000, 0xe56e0000, 0xe56e0000)
  from space 1024K,   0% used [0xe57e0000, 0xe57e0618, 0xe58e0000)
  to   space 1024K,   0% used [0xe56e0000, 0xe56e0000, 0xe57e0000)
 tenured generation   total 22152K, used 15257K [0xea340000, 0xeb8e2000, 0xf4e00000)
   the space 22152K,  68% used [0xea340000, 0xeb226588, 0xeb226600, 0xeb8e2000)
 Metaspace       used 21620K, committed 24000K, reserved 32768K
}
Event: 138.716 GC heap after
{Heap after GC invocations=346 (full 2):
 def new generation   total 10112K, used 1K [0xe4e00000, 0xe58e0000, 0xea340000)
  eden space 9088K,   0% used [0xe4e00000, 0xe4e00000, 0xe56e0000)
  from space 1024K,   0% used [0xe56e0000, 0xe56e0600, 0xe57e0000)
  to   space 1024K,   0% used [0xe57e0000, 0xe57e0000, 0xe58e0000)
 tenured generation   total 22152K, used 15257K [0xea340000, 0xeb8e2000, 0xf4e00000)
   the space 22152K,  68% used [0xea340000, 0xeb226588, 0xeb226600, 0xeb8e2000)
 Metaspace       used 21620K, committed 24000K, reserved 32768K
}
Event: 139.117 GC heap before
{Heap before GC invocations=346 (full 2):
 def new generation   total 10112K, used 9089K [0xe4e00000, 0xe58e0000, 0xea340000)
  eden space 9088K, 100% used [0xe4e00000, 0xe56e0000, 0xe56e0000)
  from space 1024K,   0% used [0xe56e0000, 0xe56e0600, 0xe57e0000)
  to   space 1024K,   0% used [0xe57e0000, 0xe57e0000, 0xe58e0000)
 tenured generation   total 22152K, used 15257K [0xea340000, 0xeb8e2000, 0xf4e00000)
   the space 22152K,  68% used [0xea340000, 0xeb226588, 0xeb226600, 0xeb8e2000)
 Metaspace       used 21620K, committed 24000K, reserved 32768K
}
Event: 139.119 GC heap after
{Heap after GC invocations=347 (full 2):
 def new generation   total 10112K, used 1K [0xe4e00000, 0xe58e0000, 0xea340000)
  eden space 9088K,   0% used [0xe4e00000, 0xe4e00000, 0xe56e0000)
  from space 1024K,   0% used [0xe57e0000, 0xe57e0678, 0xe58e0000)
  to   space 1024K,   0% used [0xe56e0000, 0xe56e0000, 0xe57e0000)
 tenured generation   total 22152K, used 15257K [0xea340000, 0xeb8e2000, 0xf4e00000)
   the space 22152K,  68% used [0xea340000, 0xeb226588, 0xeb226600, 0xeb8e2000)
 Metaspace       used 21620K, committed 24000K, reserved 32768K
}
Event: 139.538 GC heap before
{Heap before GC invocations=347 (full 2):
 def new generation   total 10112K, used 9089K [0xe4e00000, 0xe58e0000, 0xea340000)
  eden space 9088K, 100% used [0xe4e00000, 0xe56e0000, 0xe56e0000)
  from space 1024K,   0% used [0xe57e0000, 0xe57e0678, 0xe58e0000)
  to   space 1024K,   0% used [0xe56e0000, 0xe56e0000, 0xe57e0000)
 tenured generation   total 22152K, used 15257K [0xea340000, 0xeb8e2000, 0xf4e00000)
   the space 22152K,  68% used [0xea340000, 0xeb226588, 0xeb226600, 0xeb8e2000)
 Metaspace       used 21620K, committed 24000K, reserved 32768K
}
Event: 139.539 GC heap after
{Heap after GC invocations=348 (full 2):
 def new generation   total 10112K, used 1K [0xe4e00000, 0xe58e0000, 0xea340000)
  eden space 9088K,   0% used [0xe4e00000, 0xe4e00000, 0xe56e0000)
  from space 1024K,   0% used [0xe56e0000, 0xe56e0690, 0xe57e0000)
  to   space 1024K,   0% used [0xe57e0000, 0xe57e0000, 0xe58e0000)
 tenured generation   total 22152K, used 15257K [0xea340000, 0xeb8e2000, 0xf4e00000)
   the space 22152K,  68% used [0xea340000, 0xeb226588, 0xeb226600, 0xeb8e2000)
 Metaspace       used 21620K, committed 24000K, reserved 32768K
}
Event: 139.952 GC heap before
{Heap before GC invocations=348 (full 2):
 def new generation   total 10112K, used 9089K [0xe4e00000, 0xe58e0000, 0xea340000)
  eden space 9088K, 100% used [0xe4e00000, 0xe56e0000, 0xe56e0000)
  from space 1024K,   0% used [0xe56e0000, 0xe56e0690, 0xe57e0000)
  to   space 1024K,   0% used [0xe57e0000, 0xe57e0000, 0xe58e0000)
 tenured generation   total 22152K, used 15257K [0xea340000, 0xeb8e2000, 0xf4e00000)
   the space 22152K,  68% used [0xea340000, 0xeb226588, 0xeb226600, 0xeb8e2000)
 Metaspace       used 21620K, committed 24000K, reserved 32768K
}
Event: 139.953 GC heap after
{Heap after GC invocations=349 (full 2):
 def new generation   total 10112K, used 1K [0xe4e00000, 0xe58e0000, 0xea340000)
  eden space 9088K,   0% used [0xe4e00000, 0xe4e00000, 0xe56e0000)
  from space 1024K,   0% used [0xe57e0000, 0xe57e06d8, 0xe58e0000)
  to   space 1024K,   0% used [0xe56e0000, 0xe56e0000, 0xe57e0000)
 tenured generation   total 22152K, used 15257K [0xea340000, 0xeb8e2000, 0xf4e00000)
   the space 22152K,  68% used [0xea340000, 0xeb226588, 0xeb226600, 0xeb8e2000)
 Metaspace       used 21620K, committed 24000K, reserved 32768K
}
Event: 140.369 GC heap before
{Heap before GC invocations=349 (full 2):
 def new generation   total 10112K, used 9089K [0xe4e00000, 0xe58e0000, 0xea340000)
  eden space 9088K, 100% used [0xe4e00000, 0xe56e0000, 0xe56e0000)
  from space 1024K,   0% used [0xe57e0000, 0xe57e06d8, 0xe58e0000)
  to   space 1024K,   0% used [0xe56e0000, 0xe56e0000, 0xe57e0000)
 tenured generation   total 22152K, used 15257K [0xea340000, 0xeb8e2000, 0xf4e00000)
   the space 22152K,  68% used [0xea340000, 0xeb226588, 0xeb226600, 0xeb8e2000)
 Metaspace       used 21620K, committed 24000K, reserved 32768K
}
Event: 140.370 GC heap after
{Heap after GC invocations=350 (full 2):
 def new generation   total 10112K, used 1K [0xe4e00000, 0xe58e0000, 0xea340000)
  eden space 9088K,   0% used [0xe4e00000, 0xe4e00000, 0xe56e0000)
  from space 1024K,   0% used [0xe56e0000, 0xe56e0690, 0xe57e0000)
  to   space 1024K,   0% used [0xe57e0000, 0xe57e0000, 0xe58e0000)
 tenured generation   total 22152K, used 15257K [0xea340000, 0xeb8e2000, 0xf4e00000)
   the space 22152K,  68% used [0xea340000, 0xeb226588, 0xeb226600, 0xeb8e2000)
 Metaspace       used 21620K, committed 24000K, reserved 32768K
}
Event: 140.773 GC heap before
{Heap before GC invocations=350 (full 2):
 def new generation   total 10112K, used 9089K [0xe4e00000, 0xe58e0000, 0xea340000)
  eden space 9088K, 100% used [0xe4e00000, 0xe56e0000, 0xe56e0000)
  from space 1024K,   0% used [0xe56e0000, 0xe56e0690, 0xe57e0000)
  to   space 1024K,   0% used [0xe57e0000, 0xe57e0000, 0xe58e0000)
 tenured generation   total 22152K, used 15257K [0xea340000, 0xeb8e2000, 0xf4e00000)
   the space 22152K,  68% used [0xea340000, 0xeb226588, 0xeb226600, 0xeb8e2000)
 Metaspace       used 21620K, committed 24000K, reserved 32768K
}
Event: 140.775 GC heap after
{Heap after GC invocations=351 (full 2):
 def new generation   total 10112K, used 1K [0xe4e00000, 0xe58e0000, 0xea340000)
  eden space 9088K,   0% used [0xe4e00000, 0xe4e00000, 0xe56e0000)
  from space 1024K,   0% used [0xe57e0000, 0xe57e06a8, 0xe58e0000)
  to   space 1024K,   0% used [0xe56e0000, 0xe56e0000, 0xe57e0000)
 tenured generation   total 22152K, used 15257K [0xea340000, 0xeb8e2000, 0xf4e00000)
   the space 22152K,  68% used [0xea340000, 0xeb226588, 0xeb226600, 0xeb8e2000)
 Metaspace       used 21620K, committed 24000K, reserved 32768K
}
Event: 141.177 GC heap before
{Heap before GC invocations=351 (full 2):
 def new generation   total 10112K, used 9089K [0xe4e00000, 0xe58e0000, 0xea340000)
  eden space 9088K, 100% used [0xe4e00000, 0xe56e0000, 0xe56e0000)
  from space 1024K,   0% used [0xe57e0000, 0xe57e06a8, 0xe58e0000)
  to   space 1024K,   0% used [0xe56e0000, 0xe56e0000, 0xe57e0000)
 tenured generation   total 22152K, used 15257K [0xea340000, 0xeb8e2000, 0xf4e00000)
   the space 22152K,  68% used [0xea340000, 0xeb226588, 0xeb226600, 0xeb8e2000)
 Metaspace       used 21620K, committed 24000K, reserved 32768K
}
Event: 141.179 GC heap after
{Heap after GC invocations=352 (full 2):
 def new generation   total 10112K, used 1K [0xe4e00000, 0xe58e0000, 0xea340000)
  eden space 9088K,   0% used [0xe4e00000, 0xe4e00000, 0xe56e0000)
  from space 1024K,   0% used [0xe56e0000, 0xe56e0600, 0xe57e0000)
  to   space 1024K,   0% used [0xe57e0000, 0xe57e0000, 0xe58e0000)
 tenured generation   total 22152K, used 15257K [0xea340000, 0xeb8e2000, 0xf4e00000)
   the space 22152K,  68% used [0xea340000, 0xeb226588, 0xeb226600, 0xeb8e2000)
 Metaspace       used 21620K, committed 24000K, reserved 32768K
}
Event: 141.618 GC heap before
{Heap before GC invocations=352 (full 2):
 def new generation   total 10112K, used 9089K [0xe4e00000, 0xe58e0000, 0xea340000)
  eden space 9088K, 100% used [0xe4e00000, 0xe56e0000, 0xe56e0000)
  from space 1024K,   0% used [0xe56e0000, 0xe56e0600, 0xe57e0000)
  to   space 1024K,   0% used [0xe57e0000, 0xe57e0000, 0xe58e0000)
 tenured generation   total 22152K, used 15257K [0xea340000, 0xeb8e2000, 0xf4e00000)
   the space 22152K,  68% used [0xea340000, 0xeb226588, 0xeb226600, 0xeb8e2000)
 Metaspace       used 21620K, committed 24000K, reserved 32768K
}
Event: 141.620 GC heap after
{Heap after GC invocations=353 (full 2):
 def new generation   total 10112K, used 1K [0xe4e00000, 0xe58e0000, 0xea340000)
  eden space 9088K,   0% used [0xe4e00000, 0xe4e00000, 0xe56e0000)
  from space 1024K,   0% used [0xe57e0000, 0xe57e0600, 0xe58e0000)
  to   space 1024K,   0% used [0xe56e0000, 0xe56e0000, 0xe57e0000)
 tenured generation   total 22152K, used 15257K [0xea340000, 0xeb8e2000, 0xf4e00000)
   the space 22152K,  68% used [0xea340000, 0xeb226588, 0xeb226600, 0xeb8e2000)
 Metaspace       used 21620K, committed 24000K, reserved 32768K
}
Event: 142.023 GC heap before
{Heap before GC invocations=353 (full 2):
 def new generation   total 10112K, used 9089K [0xe4e00000, 0xe58e0000, 0xea340000)
  eden space 9088K, 100% used [0xe4e00000, 0xe56e0000, 0xe56e0000)
  from space 1024K,   0% used [0xe57e0000, 0xe57e0600, 0xe58e0000)
  to   space 1024K,   0% used [0xe56e0000, 0xe56e0000, 0xe57e0000)
 tenured generation   total 22152K, used 15257K [0xea340000, 0xeb8e2000, 0xf4e00000)
   the space 22152K,  68% used [0xea340000, 0xeb226588, 0xeb226600, 0xeb8e2000)
 Metaspace       used 21620K, committed 24000K, reserved 32768K
}
Event: 142.025 GC heap after
{Heap after GC invocations=354 (full 2):
 def new generation   total 10112K, used 1K [0xe4e00000, 0xe58e0000, 0xea340000)
  eden space 9088K,   0% used [0xe4e00000, 0xe4e00000, 0xe56e0000)
  from space 1024K,   0% used [0xe56e0000, 0xe56e0630, 0xe57e0000)
  to   space 1024K,   0% used [0xe57e0000, 0xe57e0000, 0xe58e0000)
 tenured generation   total 22152K, used 15257K [0xea340000, 0xeb8e2000, 0xf4e00000)
   the space 22152K,  68% used [0xea340000, 0xeb226588, 0xeb226600, 0xeb8e2000)
 Metaspace       used 21620K, committed 24000K, reserved 32768K
}

Dll operation events (8 events):
Event: 0.004 Loaded shared library /usr/lib/jvm/java-17-openjdk-armhf/lib/libjava.so
Event: 0.176 Loaded shared library /usr/lib/jvm/java-17-openjdk-armhf/lib/libnio.so
Event: 0.197 Loaded shared library /usr/lib/jvm/java-17-openjdk-armhf/lib/libzip.so
Event: 0.570 Loaded shared library /usr/lib/jvm/java-17-openjdk-armhf/lib/libjimage.so
Event: 0.574 Loaded shared library /usr/lib/jvm/java-17-openjdk-armhf/lib/libnet.so
Event: 7.438 Loaded shared library /usr/lib/jvm/java-17-openjdk-armhf/lib/libverify.so
Event: 19.745 Loaded shared library /tmp/libpi4j-pigpio1629435810383772878.so
Event: 19.904 Loaded shared library /tmp/libpi4j-linuxfs13200868398521574802.so

Deoptimization events (4 events):
Event: 19.970 Thread 0xe289b460 DEOPT PACKING pc=0xf542e3f8 sp=0xe20b5718
Event: 19.970 Thread 0xe289b460 DEOPT UNPACKING pc=0xf5081688 sp=0xe20b563c mode 3
Event: 19.970 Thread 0xe4c0f148 DEOPT PACKING pc=0xf536fa40 sp=0xe0fae988
Event: 19.970 Thread 0xe4c0f148 DEOPT UNPACKING pc=0xf5081688 sp=0xe0fae8bc mode 3

Classes loaded (20 events):
Event: 19.968 Loading class java/util/concurrent/ForkJoinPool$1
Event: 19.968 Loading class java/util/concurrent/ForkJoinPool$1 done
Event: 19.968 Loading class java/util/concurrent/ForkJoinPool$DefaultCommonPoolForkJoinWorkerThreadFactory
Event: 19.968 Loading class java/util/concurrent/ForkJoinPool$DefaultCommonPoolForkJoinWorkerThreadFactory done
Event: 19.969 Loading class java/util/concurrent/ForkJoinPool$WorkQueue
Event: 19.969 Loading class java/util/concurrent/ForkJoinPool$WorkQueue done
Event: 19.969 Loading class java/util/concurrent/locks/AbstractQueuedSynchronizer$ExclusiveNode
Event: 19.969 Loading class java/util/concurrent/ForkJoinWorkerThread
Event: 19.969 Loading class java/util/concurrent/locks/AbstractQueuedSynchronizer$ExclusiveNode done
Event: 19.969 Loading class java/util/concurrent/ForkJoinWorkerThread done
Event: 65.838 Loading class java/util/AbstractMap$SimpleImmutableEntry
Event: 65.838 Loading class java/util/AbstractMap$SimpleImmutableEntry done
Event: 68.334 Loading class java/util/concurrent/locks/AbstractQueuedSynchronizer$SharedNode
Event: 68.334 Loading class java/util/concurrent/locks/AbstractQueuedSynchronizer$SharedNode done
Event: 69.086 Loading class java/lang/Math$RandomNumberGeneratorHolder
Event: 69.086 Loading class java/lang/Math$RandomNumberGeneratorHolder done
Event: 142.272 Loading class java/io/RandomAccessFile$1
Event: 142.272 Loading class java/io/RandomAccessFile$1 done
Event: 142.273 Loading class java/util/HashMap$ValueSpliterator
Event: 142.273 Loading class java/util/HashMap$ValueSpliterator done

Classes unloaded (20 events):
Event: 17.121 Thread 0xf726cc68 Unloading class 0xe3c67420 'nodes/line_follow$eval224'
Event: 17.121 Thread 0xf726cc68 Unloading class 0xe3c64380 'robot/main$eval218'
Event: 17.121 Thread 0xf726cc68 Unloading class 0xe3c61380 'user$eval212'
Event: 17.121 Thread 0xf726cc68 Unloading class 0xe3c1f328 'clojure/run/exec$eval146'
Event: 17.121 Thread 0xf726cc68 Unloading class 0xe3c1ea60 'clojure/run/exec$eval142'
Event: 17.121 Thread 0xf726cc68 Unloading class 0xe3c1e3f0 'clojure/run/exec$eval142$fn__143'
Event: 17.121 Thread 0xf726cc68 Unloading class 0xe3c1cc30 'clojure/run/exec$eval138'
Event: 17.121 Thread 0xf726cc68 Unloading class 0xe3c1c6b8 'clojure/run/exec$eval138$loading__6789__auto____139'
Event: 17.121 Thread 0xf726cc68 Unloading class 0xe3c17388 'user$eval136'
Event: 17.121 Thread 0xf726cc68 Unloading class 0xe3c16300 'clojure/core/specs/alpha$eval134'
Event: 17.121 Thread 0xf726cc68 Unloading class 0xe3c15310 'clojure/core/specs/alpha$eval132'
Event: 17.121 Thread 0xf726cc68 Unloading class 0xe3b7dbb0 'clojure/core/specs/alpha$eval9'
Event: 17.121 Thread 0xf726cc68 Unloading class 0xe3b7d490 'clojure/core/specs/alpha$eval9$fn__10'
Event: 17.121 Thread 0xf726cc68 Unloading class 0xe3b7ca58 'clojure/core/specs/alpha$eval5'
Event: 17.121 Thread 0xf726cc68 Unloading class 0xe3b7c4e8 'clojure/core/specs/alpha$eval5$loading__6789__auto____6'
Event: 17.121 Thread 0xf726cc68 Unloading class 0xe3b6beb0 'java/lang/invoke/LambdaForm$MH+0xe3b6beb0'
Event: 17.121 Thread 0xf726cc68 Unloading class 0xe3b6a680 'java/lang/invoke/LambdaForm$MH+0xe3b6a680'
Event: 17.121 Thread 0xf726cc68 Unloading class 0xe3b62aa8 'java/lang/invoke/LambdaForm$MH+0xe3b62aa8'
Event: 17.121 Thread 0xf726cc68 Unloading class 0xe3b70038 'clojure/core/specs/alpha$eval3'
Event: 17.121 Thread 0xf726cc68 Unloading class 0xe3b60430 'user$eval1'

Classes redefined (0 events):
No events

Internal exceptions (20 events):
Event: 2.883 Thread 0xf7214ec8 Exception <a 'java/lang/NoSuchMethodError'{0xe4e77348}: 'int java.lang.invoke.DirectMethodHandle$Holder.invokeSpecial(java.lang.Object, java.lang.Object, java.lang.Object)'> (0xe4e77348) 
thrown [src/hotspot/share/interpreter/linkResolver.cpp, line 758]
Event: 2.898 Thread 0xf7214ec8 Exception <a 'java/lang/NoSuchMethodError'{0xe4e919e8}: 'java.lang.Object java.lang.invoke.DirectMethodHandle$Holder.invokeStatic(java.lang.Object, java.lang.Object, int)'> (0xe4e919e8) 
thrown [src/hotspot/share/interpreter/linkResolver.cpp, line 758]
Event: 2.900 Thread 0xf7214ec8 Exception <a 'java/lang/NoSuchMethodError'{0xe4e96590}: 'void java.lang.invoke.DirectMethodHandle$Holder.invokeStatic(java.lang.Object, java.lang.Object, int, java.lang.Object)'> (0xe4e96590) 
thrown [src/hotspot/share/interpreter/linkResolver.cpp, line 758]
Event: 2.902 Thread 0xf7214ec8 Exception <a 'java/lang/NoSuchMethodError'{0xe4e9df78}: 'void java.lang.invoke.DelegatingMethodHandle$Holder.delegate(java.lang.Object, java.lang.Object, int, java.lang.Object)'> (0xe4e9df78) 
thrown [src/hotspot/share/interpreter/linkResolver.cpp, line 758]
Event: 2.912 Thread 0xf7214ec8 Exception <a 'java/lang/NoSuchMethodError'{0xe4eb4130}: 'int java.lang.invoke.DirectMethodHandle$Holder.invokeStatic(java.lang.Object, java.lang.Object, int)'> (0xe4eb4130) 
thrown [src/hotspot/share/interpreter/linkResolver.cpp, line 758]
Event: 2.913 Thread 0xf7214ec8 Exception <a 'java/lang/NoSuchMethodError'{0xe4eb7fb8}: 'int java.lang.invoke.DirectMethodHandle$Holder.invokeSpecial(java.lang.Object, java.lang.Object, java.lang.Object, int)'> (0xe4eb7fb8) 
thrown [src/hotspot/share/interpreter/linkResolver.cpp, line 758]
Event: 2.918 Thread 0xf7214ec8 Exception <a 'java/lang/NoSuchMethodError'{0xe4ecc928}: 'java.lang.Object java.lang.invoke.DirectMethodHandle$Holder.invokeStatic(java.lang.Object, java.lang.Object, java.lang.Object, java.lang.Object, int)'> (0xe4ecc928) 
thrown [src/hotspot/share/interpreter/linkResolver.cpp, line 758]
Event: 3.572 Thread 0xf7214ec8 Exception <a 'java/lang/NoSuchMethodError'{0xe5186038}: 'java.lang.Object java.lang.invoke.DirectMethodHandle$Holder.invokeInterface(java.lang.Object, java.lang.Object)'> (0xe5186038) 
thrown [src/hotspot/share/interpreter/linkResolver.cpp, line 758]
Event: 3.573 Thread 0xf7214ec8 Exception <a 'java/lang/IncompatibleClassChangeError'{0xe5189938}: Found class java.lang.Object, but interface was expected> (0xe5189938) 
thrown [src/hotspot/share/interpreter/linkResolver.cpp, line 826]
Event: 11.978 Thread 0xf7214ec8 Exception <a 'java/lang/NoSuchMethodError'{0xe532a7f8}: 'int java.lang.invoke.Invokers$Holder.invoke_MT(java.lang.Object, java.lang.Object, java.lang.Object, java.lang.Object)'> (0xe532a7f8) 
thrown [src/hotspot/share/interpreter/linkResolver.cpp, line 758]
Event: 11.980 Thread 0xf7214ec8 Exception <a 'java/lang/NoSuchMethodError'{0xe532faf0}: 'java.lang.Object java.lang.invoke.Invokers$Holder.invokeExact_MT(java.lang.Object, java.lang.Object, java.lang.Object)'> (0xe532faf0) 
thrown [src/hotspot/share/interpreter/linkResolver.cpp, line 758]
Event: 19.576 Thread 0xf7214ec8 Exception <a 'java/lang/NoSuchMethodError'{0xe5136790}: 'void java.lang.invoke.DirectMethodHandle$Holder.invokeSpecial(java.lang.Object, java.lang.Object, java.lang.Object, java.lang.Object, java.lang.Object)'> (0xe5136790) 
thrown [src/hotspot/share/interpreter/linkResolver.cpp, line 758]
Event: 19.617 Thread 0xf7214ec8 Exception <a 'java/lang/NoSuchMethodError'{0xe5216318}: 'void java.lang.invoke.DirectMethodHandle$Holder.invokeStatic(java.lang.Object, java.lang.Object, java.lang.Object)'> (0xe5216318) 
thrown [src/hotspot/share/interpreter/linkResolver.cpp, line 758]
Event: 19.858 Thread 0xf7214ec8 Exception <a 'java/lang/NoSuchMethodError'{0xe55229b8}: 'void java.lang.invoke.DirectMethodHandle$Holder.invokeSpecial(java.lang.Object, java.lang.Object, java.lang.Object)'> (0xe55229b8) 
thrown [src/hotspot/share/interpreter/linkResolver.cpp, line 758]
Event: 19.911 Thread 0xf7214ec8 Exception <a 'java/lang/NoSuchMethodError'{0xe55d2d18}: 'int java.lang.invoke.DirectMethodHandle$Holder.invokeVirtual(java.lang.Object, java.lang.Object)'> (0xe55d2d18) 
thrown [src/hotspot/share/interpreter/linkResolver.cpp, line 758]
Event: 19.925 Thread 0xf7214ec8 Exception <a 'java/lang/NoSuchMethodError'{0xe55fcd58}: 'java.lang.Object java.lang.invoke.DirectMethodHandle$Holder.newInvokeSpecial(java.lang.Object, java.lang.Object, int, int)'> (0xe55fcd58) 
thrown [src/hotspot/share/interpreter/linkResolver.cpp, line 758]
Event: 19.927 Thread 0xf7214ec8 Exception <a 'java/lang/NoSuchMethodError'{0xe5600df0}: 'java.lang.Object java.lang.invoke.DirectMethodHandle$Holder.invokeSpecial(java.lang.Object, java.lang.Object, java.lang.Object, int, int)'> (0xe5600df0) 
thrown [src/hotspot/share/interpreter/linkResolver.cpp, line 758]
Event: 142.267 Thread 0xf7214ec8 Exception <a 'java/lang/NoSuchMethodError'{0xe5333af0}: 'void java.lang.invoke.DirectMethodHandle$Holder.invokeInterface(java.lang.Object, java.lang.Object, java.lang.Object)'> (0xe5333af0) 
thrown [src/hotspot/share/interpreter/linkResolver.cpp, line 758]
Event: 142.268 Thread 0xf7214ec8 Exception <a 'java/lang/IncompatibleClassChangeError'{0xe5336f38}: Found class java.lang.Object, but interface was expected> (0xe5336f38) 
thrown [src/hotspot/share/interpreter/linkResolver.cpp, line 826]
Event: 142.275 Thread 0xf7214ec8 Exception <a 'java/lang/NoSuchMethodError'{0xe5347f60}: 'void java.lang.invoke.DirectMethodHandle$Holder.invokeStatic(java.lang.Object, java.lang.Object, java.lang.Object, java.lang.Object)'> (0xe5347f60) 
thrown [src/hotspot/share/interpreter/linkResolver.cpp, line 758]

VM Operations (20 events):
Event: 138.302 Executing VM operation: GenCollectForAllocation
Event: 138.304 Executing VM operation: GenCollectForAllocation done
Event: 138.714 Executing VM operation: GenCollectForAllocation
Event: 138.716 Executing VM operation: GenCollectForAllocation done
Event: 139.117 Executing VM operation: GenCollectForAllocation
Event: 139.119 Executing VM operation: GenCollectForAllocation done
Event: 139.537 Executing VM operation: GenCollectForAllocation
Event: 139.539 Executing VM operation: GenCollectForAllocation done
Event: 139.952 Executing VM operation: GenCollectForAllocation
Event: 139.953 Executing VM operation: GenCollectForAllocation done
Event: 140.369 Executing VM operation: GenCollectForAllocation
Event: 140.370 Executing VM operation: GenCollectForAllocation done
Event: 140.773 Executing VM operation: GenCollectForAllocation
Event: 140.775 Executing VM operation: GenCollectForAllocation done
Event: 141.177 Executing VM operation: GenCollectForAllocation
Event: 141.179 Executing VM operation: GenCollectForAllocation done
Event: 141.618 Executing VM operation: GenCollectForAllocation
Event: 141.620 Executing VM operation: GenCollectForAllocation done
Event: 142.023 Executing VM operation: GenCollectForAllocation
Event: 142.025 Executing VM operation: GenCollectForAllocation done

Memory protections (20 events):
Event: 141.883 Protecting memory [0xe20b8000,0xe20bb000] with protection modes 0
Event: 141.896 Protecting memory [0xe20b8000,0xe20bb000] with protection modes 0
Event: 141.925 Protecting memory [0xe20b8000,0xe20bb000] with protection modes 0
Event: 141.939 Protecting memory [0xe20b8000,0xe20bb000] with protection modes 0
Event: 141.968 Protecting memory [0xe20b8000,0xe20bb000] with protection modes 0
Event: 141.981 Protecting memory [0xe20b8000,0xe20bb000] with protection modes 0
Event: 142.011 Protecting memory [0xe20b8000,0xe20bb000] with protection modes 0
Event: 142.024 Protecting memory [0xe20b8000,0xe20bb000] with protection modes 0
Event: 142.053 Protecting memory [0xe20b8000,0xe20bb000] with protection modes 0
Event: 142.066 Protecting memory [0xe20b8000,0xe20bb000] with protection modes 0
Event: 142.096 Protecting memory [0xe20b8000,0xe20bb000] with protection modes 0
Event: 142.109 Protecting memory [0xe20b8000,0xe20bb000] with protection modes 0
Event: 142.138 Protecting memory [0xe20b8000,0xe20bb000] with protection modes 0
Event: 142.152 Protecting memory [0xe20b8000,0xe20bb000] with protection modes 0
Event: 142.181 Protecting memory [0xe20b8000,0xe20bb000] with protection modes 0
Event: 142.194 Protecting memory [0xe20b8000,0xe20bb000] with protection modes 0
Event: 142.223 Protecting memory [0xe20b8000,0xe20bb000] with protection modes 0
Event: 142.236 Protecting memory [0xe20b8000,0xe20bb000] with protection modes 0
Event: 142.265 Protecting memory [0xe20b8000,0xe20bb000] with protection modes 0
Event: 142.279 Protecting memory [0xe20b8000,0xe20bb000] with protection modes 0

Nmethod flushes (0 events):
No events

Events (20 events):
Event: 142.096 Thread 0xe4b01e90 Thread added: 0xe4b01e90
Event: 142.098 Thread 0xe4b01e90 Thread exited: 0xe4b01e90
Event: 142.109 Thread 0xe4b01e90 Thread added: 0xe4b01e90
Event: 142.117 Thread 0xe4b01e90 Thread exited: 0xe4b01e90
Event: 142.138 Thread 0xe4b01e90 Thread added: 0xe4b01e90
Event: 142.138 Thread 0xe4b01e90 Thread exited: 0xe4b01e90
Event: 142.152 Thread 0xe4b01e90 Thread added: 0xe4b01e90
Event: 142.152 Thread 0xe4b01e90 Thread exited: 0xe4b01e90
Event: 142.181 Thread 0xe4b01e90 Thread added: 0xe4b01e90
Event: 142.181 Thread 0xe4b01e90 Thread exited: 0xe4b01e90
Event: 142.194 Thread 0xe4b01e90 Thread added: 0xe4b01e90
Event: 142.194 Thread 0xe4b01e90 Thread exited: 0xe4b01e90
Event: 142.223 Thread 0xe4b01e90 Thread added: 0xe4b01e90
Event: 142.223 Thread 0xe4b01e90 Thread exited: 0xe4b01e90
Event: 142.236 Thread 0xe4b01e90 Thread added: 0xe4b01e90
Event: 142.236 Thread 0xe4b01e90 Thread exited: 0xe4b01e90
Event: 142.265 Thread 0xe4b01e90 Thread added: 0xe4b01e90
Event: 142.266 Thread 0xe4b01e90 Thread exited: 0xe4b01e90
Event: 142.279 Thread 0xe4b01e90 Thread added: 0xe4b01e90
Event: 142.279 Thread 0xe4b01e90 Thread exited: 0xe4b01e90


Dynamic libraries:
00010000-00011000 r-xp 00000000 b3:02 258680                             /usr/lib/jvm/java-17-openjdk-armhf/bin/java
00020000-00021000 r--p 00000000 b3:02 258680                             /usr/lib/jvm/java-17-openjdk-armhf/bin/java
00021000-00022000 rw-p 00001000 b3:02 258680                             /usr/lib/jvm/java-17-openjdk-armhf/bin/java
00e35000-020fa000 rw-p 00000000 00:00 0                                  [heap]
e0e70000-e0e73000 ---p 00000000 00:00 0 
e0e73000-e0ec0000 rw-p 00000000 00:00 0 
e0ec0000-e0ec3000 ---p 00000000 00:00 0 
e0ec3000-e0f10000 rw-p 00000000 00:00 0 
e0f10000-e0f13000 ---p 00000000 00:00 0 
e0f13000-e0f60000 rw-p 00000000 00:00 0 
e0f60000-e0f63000 ---p 00000000 00:00 0 
e0f63000-e0fb0000 rw-p 00000000 00:00 0 
e0fb0000-e0fb3000 ---p 00000000 00:00 0 
e0fb3000-e1790000 rw-p 00000000 00:00 0 
e1790000-e2000000 ---p 00000000 00:00 0 
e2017000-e201a000 ---p 00000000 00:00 0 
e201a000-e2067000 rw-p 00000000 00:00 0 
e2067000-e206a000 ---p 00000000 00:00 0 
e206a000-e20b7000 rw-p 00000000 00:00 0 
e20b7000-e20b8000 ---p 00000000 00:00 0 
e20b8000-e20bb000 ---p 00000000 00:00 0 
e20bb000-e20f8000 rw-p 00000000 00:00 0 
e25a0000-e25a3000 ---p 00000000 00:00 0 
e25a3000-e25f0000 rw-p 00000000 00:00 0 
e25f0000-e262d000 r-xp 00000000 b3:02 7029                               /usr/lib/libpigpio.so.1
e262d000-e263d000 ---p 0003d000 b3:02 7029                               /usr/lib/libpigpio.so.1
e263d000-e263e000 r--p 0003d000 b3:02 7029                               /usr/lib/libpigpio.so.1
e263e000-e2640000 rw-p 0003e000 b3:02 7029                               /usr/lib/libpigpio.so.1
e2640000-e26d4000 rw-p 00000000 00:00 0 
e26ea000-e26ef000 r-xp 00000000 b3:02 8251                               /tmp/libpi4j-pigpio1629435810383772878.so (deleted)
e26ef000-e26fe000 ---p 00005000 b3:02 8251                               /tmp/libpi4j-pigpio1629435810383772878.so (deleted)
e26fe000-e26ff000 r--p 00004000 b3:02 8251                               /tmp/libpi4j-pigpio1629435810383772878.so (deleted)
e26ff000-e2700000 rw-p 00005000 b3:02 8251                               /tmp/libpi4j-pigpio1629435810383772878.so (deleted)
e2700000-e28a2000 rw-p 00000000 00:00 0 
e28a2000-e2900000 ---p 00000000 00:00 0 
e2900000-e2b00000 rw-p 00000000 00:00 0 
e2b00000-e2d00000 rw-p 00000000 00:00 0 
e2d00000-e2dfc000 rw-p 00000000 00:00 0 
e2dfc000-e2e00000 ---p 00000000 00:00 0 
e2e00000-e2ef9000 rw-p 00000000 00:00 0 
e2ef9000-e2f00000 ---p 00000000 00:00 0 
e2f14000-e2f17000 ---p 00000000 00:00 0 
e2f17000-e2f64000 rw-p 00000000 00:00 0 
e2f64000-e2f6d000 r-xp 00000000 b3:02 258828                             /usr/lib/jvm/java-17-openjdk-armhf/lib/libverify.so
e2f6d000-e2f7d000 ---p 00009000 b3:02 258828                             /usr/lib/jvm/java-17-openjdk-armhf/lib/libverify.so
e2f7d000-e2f7e000 r--p 00009000 b3:02 258828                             /usr/lib/jvm/java-17-openjdk-armhf/lib/libverify.so
e2f7e000-e2f7f000 rw-p 0000a000 b3:02 258828                             /usr/lib/jvm/java-17-openjdk-armhf/lib/libverify.so
e2f7f000-e2f80000 ---p 00000000 00:00 0 
e2f80000-e33f0000 rw-p 00000000 00:00 0 
e33f0000-e34d0000 rw-p 00000000 00:00 0 
e34d0000-e34f0000 rw-p 00000000 00:00 0 
e34f0000-e36f0000 rw-p 00000000 00:00 0 
e36f0000-e37f0000 rw-p 00000000 00:00 0 
e37f0000-e3bb0000 rw-p 00000000 00:00 0 
e3bb0000-e3cf0000 rw-p 00000000 00:00 0 
e3cf0000-e3de0000 rw-p 00000000 00:00 0 
e3de0000-e3e00000 ---p 00000000 00:00 0 
e3e00000-e4000000 rw-p 00000000 00:00 0 
e4010000-e4013000 ---p 00000000 00:00 0 
e4013000-e4060000 rw-p 00000000 00:00 0 
e4060000-e4063000 ---p 00000000 00:00 0 
e4063000-e40b0000 rw-p 00000000 00:00 0 
e40b0000-e40b3000 ---p 00000000 00:00 0 
e40b3000-e4100000 rw-p 00000000 00:00 0 
e4100000-e4121000 rw-p 00000000 00:00 0 
e4121000-e4200000 ---p 00000000 00:00 0 
e420c000-e421f000 r-xp 00000000 b3:02 258821                             /usr/lib/jvm/java-17-openjdk-armhf/lib/libnet.so
e421f000-e422e000 ---p 00013000 b3:02 258821                             /usr/lib/jvm/java-17-openjdk-armhf/lib/libnet.so
e422e000-e422f000 r--p 00012000 b3:02 258821                             /usr/lib/jvm/java-17-openjdk-armhf/lib/libnet.so
e422f000-e4230000 rw-p 00013000 b3:02 258821                             /usr/lib/jvm/java-17-openjdk-armhf/lib/libnet.so
e4230000-e4233000 ---p 00000000 00:00 0 
e4233000-e42b0000 rw-p 00000000 00:00 0 
e42b0000-e42b3000 ---p 00000000 00:00 0 
e42b3000-e4300000 rw-p 00000000 00:00 0 
e4300000-e4321000 rw-p 00000000 00:00 0 
e4321000-e4400000 ---p 00000000 00:00 0 
e4403000-e4404000 r-xp 00000000 b3:02 8301                               /tmp/libpi4j-linuxfs13200868398521574802.so (deleted)
e4404000-e4413000 ---p 00001000 b3:02 8301                               /tmp/libpi4j-linuxfs13200868398521574802.so (deleted)
e4413000-e4414000 r--p 00000000 b3:02 8301                               /tmp/libpi4j-linuxfs13200868398521574802.so (deleted)
e4414000-e4415000 rw-p 00001000 b3:02 8301                               /tmp/libpi4j-linuxfs13200868398521574802.so (deleted)
e4415000-e4424000 r-xp 00000000 b3:02 258822                             /usr/lib/jvm/java-17-openjdk-armhf/lib/libnio.so
e4424000-e4434000 ---p 0000f000 b3:02 258822                             /usr/lib/jvm/java-17-openjdk-armhf/lib/libnio.so
e4434000-e4435000 r--p 0000f000 b3:02 258822                             /usr/lib/jvm/java-17-openjdk-armhf/lib/libnio.so
e4435000-e4436000 rw-p 00010000 b3:02 258822                             /usr/lib/jvm/java-17-openjdk-armhf/lib/libnio.so
e4436000-e4439000 ---p 00000000 00:00 0 
e4439000-e4486000 rw-p 00000000 00:00 0 
e4486000-e4700000 r--p 0006d000 b3:02 3698                               /usr/lib/locale/locale-archive
e4700000-e4900000 r--p 00000000 b3:02 3698                               /usr/lib/locale/locale-archive
e4900000-e4921000 rw-p 00000000 00:00 0 
e4921000-e4a00000 ---p 00000000 00:00 0 
e4a00000-e4a21000 rw-p 00000000 00:00 0 
e4a21000-e4b00000 ---p 00000000 00:00 0 
e4b00000-e4b21000 rw-p 00000000 00:00 0 
e4b21000-e4c00000 ---p 00000000 00:00 0 
e4c00000-e4c2b000 rw-p 00000000 00:00 0 
e4c2b000-e4d00000 ---p 00000000 00:00 0 
e4d10000-e4d13000 ---p 00000000 00:00 0 
e4d13000-e4d60000 rw-p 00000000 00:00 0 
e4d60000-e4d63000 ---p 00000000 00:00 0 
e4d63000-e4db0000 rw-p 00000000 00:00 0 
e4db0000-e4db3000 ---p 00000000 00:00 0 
e4db3000-e58e0000 rw-p 00000000 00:00 0 
e58e0000-ea340000 ---p 00000000 00:00 0 
ea340000-eb8e2000 rw-p 00000000 00:00 0 
eb8e2000-f4e00000 ---p 00000000 00:00 0 
f4e00000-f4e01000 rw-s fe100000 00:05 4                                  /dev/mem
f4e01000-f4e07000 r-xp 00000000 b3:02 258829                             /usr/lib/jvm/java-17-openjdk-armhf/lib/libzip.so
f4e07000-f4e16000 ---p 00006000 b3:02 258829                             /usr/lib/jvm/java-17-openjdk-armhf/lib/libzip.so
f4e16000-f4e17000 r--p 00005000 b3:02 258829                             /usr/lib/jvm/java-17-openjdk-armhf/lib/libzip.so
f4e17000-f4e18000 rw-p 00006000 b3:02 258829                             /usr/lib/jvm/java-17-openjdk-armhf/lib/libzip.so
f4e18000-f4e19000 ---p 00000000 00:00 0 
f4e19000-f4eff000 rw-p 00000000 00:00 0 
f4eff000-f4f4a000 ---p 00000000 00:00 0 
f4f4a000-f4f50000 rw-p 00000000 00:00 0 
f4f50000-f4f74000 ---p 00000000 00:00 0 
f4f74000-f4f80000 rw-p 00000000 00:00 0 
f4f80000-f4fca000 ---p 00000000 00:00 0 
f4fca000-f4fe2000 rw-p 00000000 00:00 0 
f4fe2000-f504b000 ---p 00000000 00:00 0 
f504b000-f5603000 rwxp 00000000 00:00 0 
f5603000-f704b000 ---p 00000000 00:00 0 
f704b000-f7065000 r-xp 00000000 b3:02 258809                             /usr/lib/jvm/java-17-openjdk-armhf/lib/libjava.so
f7065000-f7075000 ---p 0001a000 b3:02 258809                             /usr/lib/jvm/java-17-openjdk-armhf/lib/libjava.so
f7075000-f7076000 r--p 0001a000 b3:02 258809                             /usr/lib/jvm/java-17-openjdk-armhf/lib/libjava.so
f7076000-f7077000 rw-p 0001b000 b3:02 258809                             /usr/lib/jvm/java-17-openjdk-armhf/lib/libjava.so
f7077000-f7081000 r-xp 00000000 b3:02 3245                               /usr/lib/arm-linux-gnueabihf/libnss_files-2.31.so
f7081000-f7090000 ---p 0000a000 b3:02 3245                               /usr/lib/arm-linux-gnueabihf/libnss_files-2.31.so
f7090000-f7091000 r--p 00009000 b3:02 3245                               /usr/lib/arm-linux-gnueabihf/libnss_files-2.31.so
f7091000-f7092000 rw-p 0000a000 b3:02 3245                               /usr/lib/arm-linux-gnueabihf/libnss_files-2.31.so
f7092000-f7098000 rw-p 00000000 00:00 0 
f7098000-f7200000 r--s 00000000 b3:02 258830                             /usr/lib/jvm/java-17-openjdk-armhf/lib/modules
f7200000-f7300000 rw-p 00000000 00:00 0 
f7300000-f7307000 r--s 00000000 b3:02 3572                               /usr/lib/arm-linux-gnueabihf/gconv/gconv-modules.cache
f7307000-f7328000 rw-p 00000000 00:00 0 
f7328000-f732b000 ---p 00000000 00:00 0 
f732b000-f7378000 rw-p 00000000 00:00 0 
f7378000-f7394000 r-xp 00000000 b3:02 7443                               /usr/lib/arm-linux-gnueabihf/libgcc_s.so.1
f7394000-f73a3000 ---p 0001c000 b3:02 7443                               /usr/lib/arm-linux-gnueabihf/libgcc_s.so.1
f73a3000-f73a4000 r--p 0001b000 b3:02 7443                               /usr/lib/arm-linux-gnueabihf/libgcc_s.so.1
f73a4000-f73a5000 rw-p 0001c000 b3:02 7443                               /usr/lib/arm-linux-gnueabihf/libgcc_s.so.1
f73a5000-f7403000 r-xp 00000000 b3:02 3240                               /usr/lib/arm-linux-gnueabihf/libm-2.31.so
f7403000-f7412000 ---p 0005e000 b3:02 3240                               /usr/lib/arm-linux-gnueabihf/libm-2.31.so
f7412000-f7413000 r--p 0005d000 b3:02 3240                               /usr/lib/arm-linux-gnueabihf/libm-2.31.so
f7413000-f7414000 rw-p 0005e000 b3:02 3240                               /usr/lib/arm-linux-gnueabihf/libm-2.31.so
f7414000-f7583000 r-xp 00000000 b3:02 7855                               /usr/lib/arm-linux-gnueabihf/libstdc++.so.6.0.28
f7583000-f7593000 ---p 0016f000 b3:02 7855                               /usr/lib/arm-linux-gnueabihf/libstdc++.so.6.0.28
f7593000-f7598000 r--p 0016f000 b3:02 7855                               /usr/lib/arm-linux-gnueabihf/libstdc++.so.6.0.28
f7598000-f759a000 rw-p 00174000 b3:02 7855                               /usr/lib/arm-linux-gnueabihf/libstdc++.so.6.0.28
f759a000-f759c000 rw-p 00000000 00:00 0 
f759c000-f75a2000 r-xp 00000000 b3:02 3251                               /usr/lib/arm-linux-gnueabihf/librt-2.31.so
f75a2000-f75b2000 ---p 00006000 b3:02 3251                               /usr/lib/arm-linux-gnueabihf/librt-2.31.so
f75b2000-f75b3000 r--p 00006000 b3:02 3251                               /usr/lib/arm-linux-gnueabihf/librt-2.31.so
f75b3000-f75b4000 rw-p 00007000 b3:02 3251                               /usr/lib/arm-linux-gnueabihf/librt-2.31.so
f75b4000-f7d32000 r-xp 00000000 b3:02 258790                             /usr/lib/jvm/java-17-openjdk-armhf/lib/client/libjvm.so
f7d32000-f7d41000 ---p 0077e000 b3:02 258790                             /usr/lib/jvm/java-17-openjdk-armhf/lib/client/libjvm.so
f7d41000-f7d58000 r--p 0077d000 b3:02 258790                             /usr/lib/jvm/java-17-openjdk-armhf/lib/client/libjvm.so
f7d58000-f7d68000 rw-p 00794000 b3:02 258790                             /usr/lib/jvm/java-17-openjdk-armhf/lib/client/libjvm.so
f7d68000-f7d8f000 rw-p 00000000 00:00 0 
f7d8f000-f7ecd000 r-xp 00000000 b3:02 3238                               /usr/lib/arm-linux-gnueabihf/libc-2.31.so
f7ecd000-f7edc000 ---p 0013e000 b3:02 3238                               /usr/lib/arm-linux-gnueabihf/libc-2.31.so
f7edc000-f7ede000 r--p 0013d000 b3:02 3238                               /usr/lib/arm-linux-gnueabihf/libc-2.31.so
f7ede000-f7edf000 rw-p 0013f000 b3:02 3238                               /usr/lib/arm-linux-gnueabihf/libc-2.31.so
f7edf000-f7ee2000 rw-p 00000000 00:00 0 
f7ee2000-f7ee5000 r-xp 00000000 b3:02 3239                               /usr/lib/arm-linux-gnueabihf/libdl-2.31.so
f7ee5000-f7ef4000 ---p 00003000 b3:02 3239                               /usr/lib/arm-linux-gnueabihf/libdl-2.31.so
f7ef4000-f7ef5000 r--p 00002000 b3:02 3239                               /usr/lib/arm-linux-gnueabihf/libdl-2.31.so
f7ef5000-f7ef6000 rw-p 00003000 b3:02 3239                               /usr/lib/arm-linux-gnueabihf/libdl-2.31.so
f7ef6000-f7f0e000 r-xp 00000000 b3:02 3248                               /usr/lib/arm-linux-gnueabihf/libpthread-2.31.so
f7f0e000-f7f1e000 ---p 00018000 b3:02 3248                               /usr/lib/arm-linux-gnueabihf/libpthread-2.31.so
f7f1e000-f7f1f000 r--p 00018000 b3:02 3248                               /usr/lib/arm-linux-gnueabihf/libpthread-2.31.so
f7f1f000-f7f20000 rw-p 00019000 b3:02 3248                               /usr/lib/arm-linux-gnueabihf/libpthread-2.31.so
f7f20000-f7f22000 rw-p 00000000 00:00 0 
f7f22000-f7f2f000 r-xp 00000000 b3:02 258813                             /usr/lib/jvm/java-17-openjdk-armhf/lib/libjli.so
f7f2f000-f7f3e000 ---p 0000d000 b3:02 258813                             /usr/lib/jvm/java-17-openjdk-armhf/lib/libjli.so
f7f3e000-f7f3f000 r--p 0000c000 b3:02 258813                             /usr/lib/jvm/java-17-openjdk-armhf/lib/libjli.so
f7f3f000-f7f40000 rw-p 0000d000 b3:02 258813                             /usr/lib/jvm/java-17-openjdk-armhf/lib/libjli.so
f7f40000-f7f57000 r-xp 00000000 b3:02 7986                               /usr/lib/arm-linux-gnueabihf/libz.so.1.2.11
f7f57000-f7f66000 ---p 00017000 b3:02 7986                               /usr/lib/arm-linux-gnueabihf/libz.so.1.2.11
f7f66000-f7f67000 r--p 00016000 b3:02 7986                               /usr/lib/arm-linux-gnueabihf/libz.so.1.2.11
f7f67000-f7f68000 rw-p 00017000 b3:02 7986                               /usr/lib/arm-linux-gnueabihf/libz.so.1.2.11
f7f68000-f7f69000 r--p 00000000 b3:02 154828                             /usr/share/locale/en_GB/LC_MESSAGES/libc.mo
f7f69000-f7f6c000 r-xp 00000000 b3:02 258812                             /usr/lib/jvm/java-17-openjdk-armhf/lib/libjimage.so
f7f6c000-f7f7c000 ---p 00003000 b3:02 258812                             /usr/lib/jvm/java-17-openjdk-armhf/lib/libjimage.so
f7f7c000-f7f7d000 r--p 00003000 b3:02 258812                             /usr/lib/jvm/java-17-openjdk-armhf/lib/libjimage.so
f7f7d000-f7f7e000 rw-p 00004000 b3:02 258812                             /usr/lib/jvm/java-17-openjdk-armhf/lib/libjimage.so
f7f7e000-f7f82000 r-xp 00000000 b3:02 7237                               /usr/lib/arm-linux-gnueabihf/libarmmem-v7l.so
f7f82000-f7f91000 ---p 00004000 b3:02 7237                               /usr/lib/arm-linux-gnueabihf/libarmmem-v7l.so
f7f91000-f7f92000 r--p 00003000 b3:02 7237                               /usr/lib/arm-linux-gnueabihf/libarmmem-v7l.so
f7f92000-f7f93000 rw-p 00004000 b3:02 7237                               /usr/lib/arm-linux-gnueabihf/libarmmem-v7l.so
f7f93000-f7fb5000 r-xp 00000000 b3:02 3232                               /usr/lib/arm-linux-gnueabihf/ld-2.31.so
f7fb5000-f7fbd000 rw-s 00000000 b3:02 268724                             /tmp/hsperfdata_root/7889
f7fbd000-f7fbe000 ---p 00000000 00:00 0 
f7fbe000-f7fbf000 r--p 00000000 00:00 0 
f7fbf000-f7fc0000 ---p 00000000 00:00 0 
f7fc0000-f7fc4000 rw-p 00000000 00:00 0 
f7fc4000-f7fc5000 r-xp 00000000 00:00 0                                  [sigpage]
f7fc5000-f7fc6000 r--p 00022000 b3:02 3232                               /usr/lib/arm-linux-gnueabihf/ld-2.31.so
f7fc6000-f7fc7000 rw-p 00023000 b3:02 3232                               /usr/lib/arm-linux-gnueabihf/ld-2.31.so
ffb8d000-ffbae000 rw-p 00000000 00:00 0                                  [stack]
ffff0000-ffff1000 r-xp 00000000 00:00 0                                  [vectors]


VM Arguments:
jvm_args: -XX:-OmitStackTraceInFastThrow -Dclojure.basis=.cpcache/3529354271.basis 
java_command: clojure.main -m clojure.run.exec
java_class_path (initial): src:/root/.m2/repository/com/pi4j/pi4j-core/2.5.0/pi4j-core-2.5.0.jar:/root/.m2/repository/com/pi4j/pi4j-plugin-linuxfs/2.5.0/pi4j-plugin-linuxfs-2.5.0.jar:/root/.m2/repository/com/pi4j/pi4j-plugin-pigpio/2.5.0/pi4j-plugin-pigpio-2.5.0.jar:/root/.m2/repository/com/pi4j/pi4j-plugin-raspberrypi/2.5.0/pi4j-plugin-raspberrypi-2.5.0.jar:/root/.m2/repository/org/clojure/clojure/1.11.1/clojure-1.11.1.jar:/root/.m2/repository/org/clojure/core.async/1.8.741/core.async-1.8.741.jar:/root/.m2/repository/org/slf4j/slf4j-simple/2.0.9/slf4j-simple-2.0.9.jar:/root/.m2/repository/com/jcraft/jsch/0.1.55/jsch-0.1.55.jar:/root/.m2/repository/com/pi4j/pi4j-library-linuxfs/2.5.0/pi4j-library-linuxfs-2.5.0.jar:/root/.m2/repository/com/pi4j/pi4j-library-pigpio/2.5.0/pi4j-library-pigpio-2.5.0.jar:/root/.m2/repository/org/clojure/core.specs.alpha/0.2.62/core.specs.alpha-0.2.62.jar:/root/.m2/repository/org/clojure/spec.alpha/0.3.218/spec.alpha-0.3.218.jar:/root/.m2/repository/org/clojure/tools.analyzer.jvm/1.3.2/tools.analyzer.jvm-1.3.2.jar:/root/.m2/repository/org/slf4j/slf4j-api/2.0.9/slf4j-api-2.0.9.jar:/root/.m2/repository/org/clojure/core.memoize/1.1.266/core.memoize-1.1.266.jar:/root/.m2/repository/org/clojure/tools.analyzer/1.2.0/tools.analyzer-1.2.0.jar:/root/.m2/repository/org/clojure/tools.reader/1.5.0/tools.reader-1.5.0.jar:/root/.m2/repository/org/ow2/asm/asm/9.2/asm-9.2.jar:/root/.m2/repository/org/clojure/core.cache/1.1.234/core.cache-1.1.234.jar:/root/.m2/repository/org/clojure/data.priority-map/1.2.0/data.priority-map-1.2.0.jar:/usr/local/lib/clojure/libexec/exec.jar
Launcher Type: SUN_STANDARD

[Global flags]
     intx CICompilerCount                          = 1                                         {product} {ergonomic}
    uintx CodeCacheExpansionSize                   = 32768                                  {pd product} {ergonomic}
    uintx InitialCodeCacheSize                     = 163840                                 {pd product} {ergonomic}
   size_t InitialHeapSize                          = 16777216                                  {product} {ergonomic}
   size_t MaxHeapSize                              = 268435456                                 {product} {ergonomic}
   size_t MaxNewSize                               = 89391104                                  {product} {ergonomic}
   size_t MinHeapDeltaBytes                        = 131072                                    {product} {ergonomic}
   size_t MinHeapSize                              = 6291456                                   {product} {ergonomic}
     bool NeverActAsServerClassMachine             = true                                   {pd product} {ergonomic}
   size_t NewSize                                  = 5505024                                   {product} {ergonomic}
    uintx NonNMethodCodeHeapSize                   = 5242880                                {pd product} {ergonomic}
    uintx NonProfiledCodeHeapSize                  = 0                                      {pd product} {ergonomic}
   size_t OldSize                                  = 11272192                                  {product} {ergonomic}
     bool OmitStackTraceInFastThrow                = false                                     {product} {command line}
     bool ProfileInterpreter                       = false                                  {pd product} {ergonomic}
    uintx ProfiledCodeHeapSize                     = 0                                      {pd product} {ergonomic}
    uintx ReservedCodeCacheSize                    = 33554432                               {pd product} {ergonomic}
   size_t SoftMaxHeapSize                          = 268435456                              {manageable} {ergonomic}
     bool UseSerialGC                              = true                                      {product} {ergonomic}

Logging:
Log output configuration:
 #0: stdout all=warning uptime,level,tags
 #1: stderr all=off uptime,level,tags

Environment Variables:
PATH=/usr/local/sbin:/usr/local/bin:/usr/sbin:/usr/bin:/sbin:/bin
SHELL=/bin/bash
LANG=en_GB.UTF-8
TERM=xterm-256color

Active Locale:
LC_ALL=en_GB.UTF-8
LC_COLLATE=en_GB.UTF-8
LC_CTYPE=en_GB.UTF-8
LC_MESSAGES=en_GB.UTF-8
LC_MONETARY=en_GB.UTF-8
LC_NUMERIC=en_GB.UTF-8
LC_TIME=en_GB.UTF-8

Signal Handlers:
   SIGSEGV: crash_handler in libjvm.so, mask=11100100010111111101111111111110, flags=SA_RESTART|SA_SIGINFO, unblocked
    SIGBUS: crash_handler in libjvm.so, mask=11100100010111111101111111111110, flags=SA_RESTART|SA_SIGINFO, unblocked
    SIGFPE: crash_handler in libjvm.so, mask=11100100010111111101111111111110, flags=SA_RESTART|SA_SIGINFO, unblocked
   SIGPIPE: javaSignalHandler in libjvm.so, mask=11100100010111111101111111111110, flags=SA_RESTART|SA_SIGINFO, blocked
   SIGXFSZ: javaSignalHandler in libjvm.so, mask=11100100010111111101111111111110, flags=SA_RESTART|SA_SIGINFO, blocked
    SIGILL: crash_handler in libjvm.so, mask=11100100010111111101111111111110, flags=SA_RESTART|SA_SIGINFO, unblocked
   SIGUSR2: SR_handler in libjvm.so, mask=00000000000000000000000000000000, flags=SA_RESTART|SA_SIGINFO, blocked
    SIGHUP: UserHandler in libjvm.so, mask=11100100010111111101111111111110, flags=SA_RESTART|SA_SIGINFO, blocked
    SIGINT: UserHandler in libjvm.so, mask=11100100010111111101111111111110, flags=SA_RESTART|SA_SIGINFO, blocked
   SIGTERM: UserHandler in libjvm.so, mask=11100100010111111101111111111110, flags=SA_RESTART|SA_SIGINFO, blocked
   SIGQUIT: UserHandler in libjvm.so, mask=11100100010111111101111111111110, flags=SA_RESTART|SA_SIGINFO, blocked
   SIGTRAP: crash_handler in libjvm.so, mask=11100100010111111101111111111110, flags=SA_RESTART|SA_SIGINFO, unblocked


Periodic native trim disabled


---------------  S Y S T E M  ---------------

OS:
PRETTY_NAME="Raspbian GNU/Linux 11 (bullseye)"
NAME="Raspbian GNU/Linux"
VERSION_ID="11"
VERSION="11 (bullseye)"
VERSION_CODENAME=bullseye
ID=raspbian
ID_LIKE=debian
HOME_URL="http://www.raspbian.org/"
SUPPORT_URL="http://www.raspbian.org/RaspbianForums"
BUG_REPORT_URL="http://www.raspbian.org/RaspbianBugs"
uname: Linux 6.1.21-v8+ #1642 SMP PREEMPT Mon Apr  3 17:24:16 BST 2023 aarch64
OS uptime: 0 days 0:57 hours
libc: glibc 2.31 NPTL 2.31 
rlimit (soft/hard): STACK 8192k/infinity , CORE 0k/infinity , NPROC 12913/12913 , NOFILE 1048576/1048576 , AS infinity/infinity , CPU infinity/infinity , DATA infinity/infinity , FSIZE infinity/infinity , MEMLOCK 479287k/479287k
load average: 1.91 1.44 1.02

/proc/meminfo:
MemTotal:        3834296 kB
MemFree:         3303484 kB
MemAvailable:    3561552 kB
Buffers:           35064 kB
Cached:           261924 kB
SwapCached:            0 kB
Active:           339788 kB
Inactive:          94196 kB
Active(anon):     136964 kB
Inactive(anon):     1172 kB
Active(file):     202824 kB
Inactive(file):    93024 kB
Unevictable:          16 kB
Mlocked:              16 kB
SwapTotal:        102396 kB
SwapFree:         102396 kB
Zswap:                 0 kB
Zswapped:              0 kB
Dirty:               148 kB
Writeback:             0 kB
AnonPages:        137020 kB
Mapped:            83924 kB
Shmem:              1140 kB
KReclaimable:      37948 kB
Slab:              61576 kB
SReclaimable:      37948 kB
SUnreclaim:        23628 kB
KernelStack:        3056 kB
PageTables:         2812 kB
SecPageTables:         0 kB
NFS_Unstable:          0 kB
Bounce:                0 kB
WritebackTmp:          0 kB
CommitLimit:     2019544 kB
Committed_AS:     463316 kB
VmallocTotal:   259653632 kB
VmallocUsed:       10068 kB
VmallocChunk:          0 kB
Percpu:              656 kB
CmaTotal:         524288 kB
CmaFree:          514804 kB

/sys/kernel/mm/transparent_hugepage/enabled: <Not Available>
/sys/kernel/mm/transparent_hugepage/hpage_pmd_size: <Not Available>
/sys/kernel/mm/transparent_hugepage/defrag (defrag/compaction efforts parameter): <Not Available>

Process Memory:
Virtual Size: 395000K (peak: 3906820K)
Resident Set Size: 100064K (peak: 100064K) (anon: 88388K, file: 11676K, shmem: 0K)
Swapped out: 0K
C-Heap outstanding allocations: 28217K, retained: 3770K
glibc malloc tunables: (default)

/proc/sys/kernel/threads-max (system-wide limit on the number of threads): 25826
/proc/sys/vm/max_map_count (maximum number of memory map areas a process may have): 65530
/proc/sys/vm/swappiness (control to define how aggressively the kernel swaps out anonymous memory): 60
/proc/sys/kernel/pid_max (system-wide limit on number of process identifiers): 32768

/etc/ld.so.preload:
/usr/lib/arm-linux-gnueabihf/libarmmem-${PLATFORM}.so

container information not found.
Steal ticks since vm start: 0
Steal ticks percentage since vm start:  0.000

CPU: total 4 (initial active 4) (ARMv8), vfp, mp_ext
/proc/cpuinfo:
processor	: 0
BogoMIPS	: 108.00
Features	: fp asimd evtstrm crc32 cpuid
CPU implementer	: 0x41
CPU architecture: 8
CPU variant	: 0x0
CPU part	: 0xd08
CPU revision	: 3

processor	: 1
BogoMIPS	: 108.00
Features	: fp asimd evtstrm crc32 cpuid
CPU implementer	: 0x41
CPU architecture: 8
CPU variant	: 0x0
CPU part	: 0xd08
CPU revision	: 3

processor	: 2
BogoMIPS	: 108.00
Features	: fp asimd evtstrm crc32 cpuid
CPU implementer	: 0x41
CPU architecture: 8
CPU variant	: 0x0
CPU part	: 0xd08
CPU revision	: 3

processor	: 3
BogoMIPS	: 108.00
Features	: fp asimd evtstrm crc32 cpuid
CPU implementer	: 0x41
CPU architecture: 8
CPU variant	: 0x0
CPU part	: 0xd08
CPU revision	: 3

Hardware	: BCM2835
Revision	: c03115
Serial		: 10000000348496e5
Model		: Raspberry Pi 4 Model B Rev 1.5

Online cpus: 0-3
Offline cpus: 

Memory: 4k page, physical 3834296k(3303484k free), swap 102396k(102396k free)
Page Sizes: 4k

vm_info: OpenJDK Client VM (17.0.15+6-Raspbian-1deb11u1rpt1) for linux-arm JRE (17.0.15+6-Raspbian-1deb11u1rpt1), built on Jun  2 2025 13:19:19 by "serge" with gcc 10.2.1 20210110

END.
