#
# A fatal error has been detected by the Java Runtime Environment:
#
#  SIGSEGV (0xb) at pc=0xe202fea4, pid=7576, tid=7631
#
# JRE version: OpenJDK Runtime Environment (17.0.15+6) (build 17.0.15+6-Raspbian-1deb11u1rpt1)
# Java VM: OpenJDK Client VM (17.0.15+6-Raspbian-1deb11u1rpt1, mixed mode, emulated-client, serial gc, linux-arm)
# Problematic frame:
# C  [libpigpio.so.1+0x13ea4]  gpioRead+0x7c
#
# No core dump will be written. Core dumps have been disabled. To enable core dumping, try "ulimit -c unlimited" before starting Java again
#
# If you would like to submit a bug report, please visit:
#   Unknown
# The crash happened outside the Java Virtual Machine in native code.
# See problematic frame for where to report the bug.
#

---------------  S U M M A R Y ------------

Command Line: -XX:-OmitStackTraceInFastThrow -Dclojure.basis=.cpcache/3529354271.basis clojure.main -m clojure.run.exec

Host: ARM, 4 cores, 3G, Raspbian GNU/Linux 11 (bullseye)
Time: Sat Jul 26 11:48:37 2025 BST elapsed time: 46.112986 seconds (0d 0h 0m 46s)

---------------  T H R E A D  ---------------

Current thread (0xe26af348):  JavaThread "async-io-1" daemon [_thread_in_native, id=7631, stack(0xe288f000,0xe28df000)]

Stack: [0xe288f000,0xe28df000],  sp=0xe28dd670,  free space=313k
Native frames: (J=compiled Java code, j=interpreted, Vv=VM code, C=native code)
C  [libpigpio.so.1+0x13ea4]  gpioRead+0x7c

Java frames: (J=compiled Java code, j=interpreted, Vv=VM code)
J 2712  com.pi4j.library.pigpio.internal.PIGPIO.gpioRead(I)I (0 bytes) @ 0xf4e92b84 [0xf4e92b40+0x00000044]
J 2745 c1 com.pi4j.library.pigpio.impl.PiGpioNativeImpl.gpioRead(I)Lcom/pi4j/library/pigpio/PiGpioState; (84 bytes) @ 0xf4e9c688 [0xf4e9c490+0x000001f8]
J 2744 c1 com.pi4j.plugin.pigpio.provider.gpio.digital.PiGpioDigitalInput.state()Lcom/pi4j/io/gpio/digital/DigitalState; (99 bytes) @ 0xf4e9be30 [0xf4e9bdd0+0x00000060]
J 2753 c1 peripherals.ultrasound$wait_for_echo.invokeStatic(Ljava/lang/Object;Ljava/lang/Object;)Ljava/lang/Object; (66 bytes) @ 0xf4ec5284 [0xf4ec51d0+0x000000b4]
J 2807 c1 peripherals.ultrasound$wait_for_echo.invoke(Ljava/lang/Object;Ljava/lang/Object;)Ljava/lang/Object; (10 bytes) @ 0xf4ecf47c [0xf4ecf450+0x0000002c]
J 2852 c1 peripherals.ultrasound$measure.invokeStatic(Ljava/lang/Object;)Ljava/lang/Object; (364 bytes) @ 0xf4edf384 [0xf4ededf0+0x00000594]
J 2841 c1 peripherals.ultrasound$measure.invoke(Ljava/lang/Object;)Ljava/lang/Object; (7 bytes) @ 0xf4edacb8 [0xf4edac90+0x00000028]
j  nodes.avoidance$start_avoidance_node$fn__10200$state_machine__6794__auto____10205$fn__10207.invoke()Ljava/lang/Object;+364
j  nodes.avoidance$start_avoidance_node$fn__10200$state_machine__6794__auto____10205.invoke(Ljava/lang/Object;)Ljava/lang/Object;+26
j  clojure.core.async.impl.ioc_macros$run_state_machine.invokeStatic(Ljava/lang/Object;)Ljava/lang/Object;+22
j  clojure.core.async.impl.ioc_macros$run_state_machine.invoke(Ljava/lang/Object;)Ljava/lang/Object;+3
j  clojure.core.async.impl.ioc_macros$run_state_machine_wrapped.invokeStatic(Ljava/lang/Object;)Ljava/lang/Object;+10
j  clojure.core.async.impl.ioc_macros$run_state_machine_wrapped.invoke(Ljava/lang/Object;)Ljava/lang/Object;+3
j  nodes.avoidance$start_avoidance_node$fn__10200.invoke()Ljava/lang/Object;+142
j  clojure.lang.AFn.run()V+1
j  java.util.concurrent.ThreadPoolExecutor.runWorker(Ljava/util/concurrent/ThreadPoolExecutor$Worker;)V+92 java.base@17.0.15
j  java.util.concurrent.ThreadPoolExecutor$Worker.run()V+5 java.base@17.0.15
j  java.lang.Thread.run()V+11 java.base@17.0.15
v  ~StubRoutines::call_stub

siginfo: si_signo: 11 (SIGSEGV), si_code: 1 (SEGV_MAPERR), si_addr: 0xf79ec034

Registers:
  r0  = 0x00000008
  r1  = 0xf79ec000
  r2  = 0x00000001
  r3  = 0x0000000d
  r4  = 0x00000008
  r5  = 0xe206a000
  r6  = 0xf7a4987c
  r7  = 0x00000000
  r8  = 0xe1764898
  r9  = 0x00000000
  r10 = 0xe26af348
  fp  = 0xe28dd6e8
  r12 = 0xf6dab108
  sp  = 0xe28dd670
  lr  = 0xf4e92ba0
  pc  = 0xe202fea4
  cpsr = 0x80800010


Register to memory mapping:

  r0  = 0x00000008 is an unknown value
  r1  = 0xf79ec000 is an unknown value
  r2  = 0x00000001 is an unknown value
  r3  = 0x0000000d is an unknown value
  r4  = 0x00000008 is an unknown value
  r5  = 0xe206a000: <offset 0x0004e000> in /lib/libpigpio.so.1 at 0xe201c000
  r6  = 0xf7a4987c: __stack_chk_guard+0x00000000 in /lib/ld-linux-armhf.so.3 at 0xf7a17000
  r7  = 0x0 is NULL
  r8  = 0xe1764898 is a pointer to class: 
com.pi4j.plugin.pigpio.provider.gpio.digital.PiGpioDigitalInput {0xe1764898}
 - instance size:     18
 - klass size:        235
 - access:            public synchronized 
 - state:             fully_initialized
 - name:              'com/pi4j/plugin/pigpio/provider/gpio/digital/PiGpioDigitalInput'
 - super:             'com/pi4j/io/gpio/digital/DigitalInputBase'
 - sub:               
 - arrays:            NULL
 - methods:           Array<T>(0xe175f928)
 - method ordering:   Array<T>(0xe3000950)
 - default_methods:   Array<T>(0xe1764c48)
 - default vtable indices:   Array<T>(0xe1764ca0)
 - local interfaces:  Array<T>(0xe175f8d8)
 - trans. interfaces: Array<T>(0xe1764868)
 - constants:         constant pool [251]/operands[7] {0xe175f458} for 'com/pi4j/plugin/pigpio/provider/gpio/digital/PiGpioDigitalInput' cache=0xe1764d28
 - class loader data:  loader data: 0xf6ceec68 for instance a 'jdk/internal/loader/ClassLoaders$AppClassLoader'{0xe9fe9880}
 - source file:       'PiGpioDigitalInput.java'
 - class annotations:       Array<T>(0x00000000)
 - class type annotations:  Array<T>(0x00000000)
 - field annotations:       Array<T>(0x00000000)
 - field type annotations:  Array<T>(0x00000000)
 - inner classes:     Array<T>(0xe17640d0)
 - nest members:     Array<T>(0xe17640f0)
 - permitted subclasses:     Array<T>(0xe3000958)
 - java mirror:       a 'java/lang/Class'{0xeada9840} = 'com/pi4j/plugin/pigpio/provider/gpio/digital/PiGpioDigitalInput'
 - vtable length      51  (start addr: 0xe17649a8)
 - itable length      112 (start addr: 0xe1764a74)
 - ---- static fields (0 words):
 - ---- non-static fields (15 words):
 - protected 'logger' 'Lorg/slf4j/Logger;' @8 
 - protected 'id' 'Ljava/lang/String;' @12 
 - protected 'name' 'Ljava/lang/String;' @16 
 - protected 'description' 'Ljava/lang/String;' @20 
 - protected 'metadata' 'Lcom/pi4j/common/Metadata;' @24 
 - protected 'config' 'Lcom/pi4j/io/IOConfig;' @28 
 - protected 'provider' 'Lcom/pi4j/provider/Provider;' @32 
 - private 'context' 'Lcom/pi4j/context/Context;' @36 
 - protected final 'stateChangeEventManager' 'Lcom/pi4j/event/EventManager;' @40 
 - protected 'bindings' 'Lcom/pi4j/io/binding/BindingManager;' @44 
 - private final 'pin' 'I' @48 
 - private final 'piGpio' 'Lcom/pi4j/library/pigpio/PiGpio;' @52 
 - private 'state' 'Lcom/pi4j/io/gpio/digital/DigitalState;' @56 
 - private 'logger' 'Lorg/slf4j/Logger;' @60 
 - private 'piGpioPinListener' 'Lcom/pi4j/library/pigpio/PiGpioStateChangeListener;' @64 
 - non-static oop maps: 8-44 52-64 
  r9  = 0x0 is NULL
  r10 = 0xe26af348 is a thread
  fp  = 0xe28dd6e8 is pointing into the stack for thread: 0xe26af348
  r12 = 0xf6dab108: <offset 0x00015108> in /tmp/libpi4j-pigpio7268562854081198150.so at 0xf6d96000
  sp  = 0xe28dd670 is pointing into the stack for thread: 0xe26af348
  lr  = 0xf4e92ba0 is at entry_point+96 in (nmethod*)0xf4e92a48
Compiled method (n/a)   46118 2712     n       com.pi4j.library.pigpio.internal.PIGPIO::gpioRead (native)
 total in heap  [0xf4e92a48,0xf4e92c48] = 512
 relocation     [0xf4e92b2c,0xf4e92b34] = 8
 main code      [0xf4e92b40,0xf4e92c40] = 256
 oops           [0xf4e92c40,0xf4e92c48] = 8
  pc  = 0xe202fea4: gpioRead+0x0000007c in /lib/libpigpio.so.1 at 0xe201c000


Top of Stack: (sp=0xe28dd670)
0xe28dd670:   e28dd684 f76c1dd0 00000000 00000000
0xe28dd680:   e28dd6a8 f4b2f6a4 e4500c28 e4d4bae8
0xe28dd690:   eadb4778 e26af348 00000008 eadb3c88
0xe28dd6a0:   00000000 e1764898 e28dd92c 016e6500
0xe28dd6b0:   e28dd6c4 eadd64f0 00000008 eadb3c88
0xe28dd6c0:   00000000 e1764898 00000000 f4e92ba0
0xe28dd6d0:   eadaae20 00000003 e4d4bae8 eadbe830
0xe28dd6e0:   e26af348 00000018 e28dd92c f4e9c688
0xe28dd6f0:   00000001 00000000 e2218c68 e220e1b0
0xe28dd700:   00000000 3ff00000 00000000 40880000
0xe28dd710:   00000000 00000000 ffffffff ffffffff
0xe28dd720:   00000000 00000000 00000000 00000000
0xe28dd730:   00000000 00000000 00000000 00000000
0xe28dd740:   00000000 00000000 eadc0318 00000008
0xe28dd750:   00000000 e30e85f0 00171830 00000000
0xe28dd760:   e28dd92c f4e9be30 ead10a28 00000000
0xe28dd770:   00000000 00000000 e26af348 016e6500
0xe28dd780:   e28dd92c e28dd7b8 00000000 ead10a28
0xe28dd790:   00000000 f78aee60 00000c83 00000000
0xe28dd7a0:   084cc7b9 00000000 ead10a28 016e6500
0xe28dd7b0:   eadb3c88 f75c0810 00000c83 084cc7b9
0xe28dd7c0:   e28dd92c f4ec5284 f7795290 f77ff8ec
0xe28dd7d0:   f77ff8ec 00000000 ea000000 e26af348
0xe28dd7e0:   00000000 00000000 00000000 ffffffff
0xe28dd7f0:   e30e7298 e26af348 e28dd80c f76c1dd0
0xe28dd800:   00000000 00000000 e28dd830 f4ec84a4
0xe28dd810:   eadb3c88 ea00afa8 c8c92c69 000002e9
0xe28dd820:   c9fa25b9 000002e9 ead10a28 e4d4bb18
0xe28dd830:   ea03a880 eadb4730 ea14e210 f4c11aa0
0xe28dd840:   e28dd92c f4ecf47c eae16628 ea012a40
0xe28dd850:   eae0f310 eae16638 eade1488 f4bc8a2c
0xe28dd860:   e28dd92c f4edf384 e28dd8c4 f4ecf2bc 

Instructions: (pc=0xe202fea4)
0xe202fda4:   74 30 9f e5 74 10 9f e5 03 30 8f e0 90 00 8d e8
0xe202fdb4:   d5 3f 83 e2 01 10 8f e0 00 20 a0 e1 06 00 a0 e1
0xe202fdc4:   2a c1 ff eb 05 00 e0 e3 85 ff ff ea 37 c0 ff eb
0xe202fdd4:   e4 a4 03 00 cc 03 00 00 d0 a8 03 00 08 d7 03 00
0xe202fde4:   74 a8 03 00 2c 27 02 00 d8 03 00 00 14 b6 03 00
0xe202fdf4:   88 33 02 00 8c 26 02 00 b4 b5 03 00 7c 3f 02 00
0xe202fe04:   20 a7 03 00 34 26 02 00 70 39 02 00 cc a6 03 00
0xe202fe14:   e0 25 02 00 94 3e 02 00 74 a6 03 00 88 25 02 00
0xe202fe24:   9c 3e 02 00 f0 43 2d e9 44 d0 4d e2 d4 51 9f e5
0xe202fe34:   d4 31 9f e5 05 50 8f e0 d0 21 9f e5 03 60 95 e7
0xe202fe44:   02 20 8f e0 00 40 a0 e1 00 30 96 e5 3c 30 8d e5
0xe202fe54:   2c 30 92 e5 03 00 53 e3 02 00 00 9a 34 10 92 e5
0xe202fe64:   01 1b 11 e2 17 00 00 0a a4 31 9f e5 03 30 8f e0
0xe202fe74:   0c 37 13 e5 00 00 53 e3 36 00 00 0a 35 00 54 e3
0xe202fe84:   49 00 00 8a 8c 21 9f e5 a4 32 a0 e1 02 20 8f e0
0xe202fe94:   0d 30 83 e2 3c 10 92 e5 1f 40 04 e2 01 20 a0 e3
0xe202fea4:   03 31 91 e7 12 34 13 e0 02 00 a0 11 00 00 a0 03
0xe202feb4:   3c 20 9d e5 00 30 96 e5 03 00 52 e1 50 00 00 1a
0xe202fec4:   44 d0 8d e2 f0 83 bd e8 4c 31 9f e5 4c 71 9f e5
0xe202fed4:   08 80 8d e2 03 30 95 e7 07 70 8f e0 08 00 a0 e1
0xe202fee4:   00 90 93 e5 51 c0 ff eb 08 31 97 e5 08 20 9d e5
0xe202fef4:   03 00 52 e1 0b 00 00 0a 08 00 a0 e1 10 80 8d e2
0xe202ff04:   08 10 a0 e1 0d c0 ff eb 14 21 9f e5 08 30 a0 e1
0xe202ff14:   02 20 8f e0 20 10 a0 e3 11 0e 87 e2 7f c0 ff eb
0xe202ff24:   08 30 9d e5 08 31 87 e5 f8 30 9f e5 f8 20 9f e5
0xe202ff34:   f8 10 9f e5 03 30 8f e0 02 20 8f e0 00 40 8d e5
0xe202ff44:   09 00 a0 e1 dd 3f 83 e2 11 2e 82 e2 01 10 8f e0
0xe202ff54:   c6 c0 ff eb c3 ff ff ea d4 30 9f e5 03 30 8f e0
0xe202ff64:   2c 20 93 e5 34 30 93 e5 01 0b 13 e3 1e 00 e0 13
0xe202ff74:   ce ff ff 1a a0 30 9f e5 03 30 95 e7 00 40 93 e5
0xe202ff84:   74 c2 ff eb ac 30 9f e5 ac 10 9f e5 03 30 8f e0
0xe202ff94:   01 10 8f e0 dd 3f 83 e2 00 20 a0 e1 04 00 a0 e1 


Stack slot to memory mapping:
stack at sp + 0 slots: 0xe28dd684 is pointing into the stack for thread: 0xe26af348
stack at sp + 1 slots: 0xf76c1dd0: <offset 0x00689dd0> in /usr/lib/jvm/java-17-openjdk-armhf/lib/client/libjvm.so at 0xf7038000
stack at sp + 2 slots: 0x0 is NULL
stack at sp + 3 slots: 0x0 is NULL
stack at sp + 4 slots: 0xe28dd6a8 is pointing into the stack for thread: 0xe26af348
stack at sp + 5 slots: 0xf4b2f6a4 is at entry_point+244 in (nmethod*)0xf4b2f4c8
Compiled method (n/a)   46132  174     n       java.lang.Object::clone (native)
 total in heap  [0xf4b2f4c8,0xf4b2f6c4] = 508
 relocation     [0xf4b2f5ac,0xf4b2f5b0] = 4
 main code      [0xf4b2f5b0,0xf4b2f6c4] = 276
stack at sp + 6 slots: 0xe4500c28 points into unknown readable memory: 0xe4d4bae8 | e8 ba d4 e4
stack at sp + 7 slots: 0xe4d4bae8 is an oop: [Lcom.pi4j.library.pigpio.PiGpioState; 
{0xe4d4bae8} - klass: 'com/pi4j/library/pigpio/PiGpioState'[]
 - length: 3


Compiled method (n/a)   46135 2712     n       com.pi4j.library.pigpio.internal.PIGPIO::gpioRead (native)
 total in heap  [0xf4e92a48,0xf4e92c48] = 512
 relocation     [0xf4e92b2c,0xf4e92b34] = 8
 main code      [0xf4e92b40,0xf4e92c40] = 256
 oops           [0xf4e92c40,0xf4e92c48] = 8

[Constant Pool (empty)]

[MachCode]
[Entry Point]
  # {method} {0xe173f620} 'gpioRead' '(I)I' in 'com/pi4j/library/pigpio/internal/PIGPIO'
  # parm0:    r0        = int
  #           [sp+0x20]  (sp of caller)
  0xf4e92b40: 04c0 90e5 | 0800 5ce1 | 0000 000a 

  0xf4e92b4c: ;   {runtime_call ic_miss_stub}
  0xf4e92b4c: 5fdd f0ea 
[Verified Entry Point]
  0xf4e92b50: 50cc 4de2 | 0000 cce5 | 0048 2de9 | 0db0 a0e1 | 18d0 4de2 | 0020 a0e1 

  0xf4e92b68: ;   {oop(a 'java/lang/Class'{0xeadaae20} = 'com/pi4j/library/pigpio/internal/PIGPIO')}
  0xf4e92b68: 20ce 0ae3 | daca 4ee3 | 0010 8de2 | 00c0 8de5 | f0b1 8ae5 | ecf1 8ae5 | e8d1 8ae5 | 5ef0 7ff5 
  0xf4e92b88: 7e0f 8ae2 | 04c0 a0e3 | 40c2 8ae5 | 25e4 09e3 | d9e6 4fe3 | 3eff 2fe1 | 05c0 a0e3 | 40c2 8ae5 
  0xf4e92ba8: 5ff0 7ff5 | 4422 9ae5 | 0000 12e3 | 1400 000a | 3432 9ae5 | 0000 53e3 | 1100 001a | 08c0 a0e3 
  0xf4e92bc8: 6422 9ae5 | 40c2 8ae5 | 0200 52e3 | 1300 000a | b8e0 9ae5 | 00c0 a0e3 | e8c1 8ae5 | f0c1 8ae5 
  0xf4e92be8: ecc1 8ae5 | 80c0 8ee5 | 04c0 9ae5 | 0bd0 a0e1 | 0000 5ce3 | 0088 bd08 | 04b0 9d14 | 0450 9d14 
  0xf4e92c08: ;   {runtime_call StubRoutines (1)}
  0xf4e92c08: 7015 f0ea | 0300 2de9 | 0a00 a0e1 | 60ed 01e3 | 6ce7 4fe3 | 3eff 2fe1 | 0300 bde8 | e6ff ffea 
  0xf4e92c28: 0300 2de9 | 5ce2 0ee3 | 62e7 4fe3 | 3eff 2fe1 | 0300 bde8 | e5ff ffea 
[/MachCode]


Compiled method (c1)   46140 2745             com.pi4j.library.pigpio.impl.PiGpioNativeImpl::gpioRead (84 bytes)
 total in heap  [0xf4e9c2c8,0xf4e9d0d0] = 3592
 relocation     [0xf4e9c3ac,0xf4e9c484] = 216
 main code      [0xf4e9c490,0xf4e9cb50] = 1728
 stub code      [0xf4e9cb50,0xf4e9cbcc] = 124
 oops           [0xf4e9cbcc,0xf4e9cc00] = 52
 metadata       [0xf4e9cc00,0xf4e9cc74] = 116
 scopes data    [0xf4e9cc74,0xf4e9ce24] = 432
 scopes pcs     [0xf4e9ce24,0xf4e9d044] = 544
 dependencies   [0xf4e9d044,0xf4e9d06c] = 40
 nul chk table  [0xf4e9d06c,0xf4e9d0d0] = 100

[Constant Pool (empty)]

[MachCode]
[Entry Point]
  # {method} {0xe1710928} 'gpioRead' '(I)Lcom/pi4j/library/pigpio/PiGpioState;' in 'com/pi4j/library/pigpio/impl/PiGpioNativeImpl'
  # this:     r0        = 'com/pi4j/library/pigpio/impl/PiGpioNativeImpl'
  # parm0:    r1        = int
  #           [sp+0x78]  (sp of caller)
  0xf4e9c490: 04c0 90e5 | 0800 5ce1 | 0000 000a 

  0xf4e9c49c: ;   {runtime_call ic_miss_stub}
  0xf4e9c49c: 0bb7 f0ea 
[Verified Entry Point]
  0xf4e9c4a0: 50cc 4de2 | 0000 cce5 | 0048 2de9 | 70d0 4de2 | 5800 8de5 | 5c10 8de5 | 2440 90e5 | 7f20 e0e3 
  0xf4e9c4c0: 0200 51e1 | 0100 00ba | 7f00 51e3 | 1200 00da | 0150 a0e1 

  0xf4e9c4d4: ;   {metadata('java/lang/Integer')}
  0xf4e9c4d4: 2816 04e3 | 0e13 4ee3 | d000 9ae5 | d830 9ae5 | 1020 80e2 | 0300 52e1 | 6601 008a | d020 8ae5 
  0xf4e9c4f4: 0130 a0e3 | 0030 80e5 | 0410 80e5 | 0030 a0e3 | 0830 80e5 | 0c30 80e5 | 5ef0 7ff5 | 0850 80e5 
  0xf4e9c514: 5ef0 7ff5 | 0500 00ea | 0150 a0e1 | 8000 85e2 

  0xf4e9c524: ;   {oop(a 'java/lang/Integer'[256] {0xea008f38})}
  0xf4e9c524: 381f 08e3 | 001a 4ee3 | 0001 81e0 

  0xf4e9c530: ; implicit exception: dispatches to 0xf4e9ca94
  0xf4e9c530: 0c00 90e5 | 0030 a0e1 | 0420 b0e1 | 0600 000a 

  0xf4e9c540: ;   {metadata('org/slf4j/helpers/AbstractLogger')}
  0xf4e9c540: 8019 06e3 | c113 4ee3 | 0400 9215 | 0200 000a | 24c0 90e5 | 0100 5ce1 | 4e01 001a 

  0xf4e9c55c: ; implicit exception: dispatches to 0xf4e9caa0
  0xf4e9c55c: 0c20 94e5 | 0000 52e3 | 0020 a0c3 | 0120 a0d3 | 0120 02e2 | 0120 02e2 | 0000 52e3 | 3700 000a 
  0xf4e9c57c: 0120 a0e3 

  0xf4e9c580: ;   {metadata('java/lang/Object'[])}
  0xf4e9c580: e01e 0ce3 | 0e13 4ee3 | 4007 52e3 | 4401 002a | 13c0 a0e3 | 02c1 8ce0 | 07c0 cce3 | d000 9ae5 
  0xf4e9c5a0: d880 9ae5 | 0c70 80e0 | 0800 57e1 | 3c01 008a | d070 8ae5 | 0180 a0e3 | 0080 80e5 | 0410 80e5 
  0xf4e9c5c0: 0820 80e5 | 0ce0 80e2 | 0080 a0e3 | 0700 5ee1 | 0480 8e34 | fcff ff3a | 5ef0 7ff5 | 0070 a0e1 
  0xf4e9c5e0: 0000 53e3 | 0d00 000a 

  0xf4e9c5e8: ; implicit exception: dispatches to 0xf4e9caac
  0xf4e9c5e8: 0410 97e5 | 0400 93e5 | 8810 91e5 | 10c0 91e5 | 0cc0 90e7 | 0100 50e1 | 0100 5c11 | 0500 000a 
  0xf4e9c608: 10c0 91e5 | 1800 5ce3 | 2601 001a 

  0xf4e9c614: ;   {runtime_call slow_subtype_check Runtime1 stub}
  0xf4e9c614: 7d43 f0eb | 0000 50e3 | 2301 000a | 0c10 87e2 | 0030 81e5 | 00e0 0ae3 | 25e4 4ee3 | a1e4 cee7 
  0xf4e9c634: ;   {oop("[GPIO::GET] -> PIN: {}"{0xeadb46b8})}
  0xf4e9c634: b836 04e3 | db3a 4ee3 

  0xf4e9c63c: ;   {oop(a 'org/slf4j/event/Level'{0xeadb46d0})}
  0xf4e9c63c: d016 04e3 | db1a 4ee3 | 0020 a0e3 | 0070 8de5 | 0000 a0e3 | 0400 8de5 | 0400 a0e1 

  0xf4e9c658: ; ImmutableOopMap {[88]=Oop }
              ;*invokevirtual handleNormalizedLoggingCall {reexecute=0 rethrow=0 return_oop=0}
              ; - org.slf4j.helpers.AbstractLogger::handle_1ArgsCall@14 (line 386)
              ; - org.slf4j.helpers.AbstractLogger::trace@14 (line 82)
              ; - com.pi4j.library.pigpio.impl.PiGpioNativeImpl::gpioRead@10 (line 255)
              ;   {optimized virtual_call}
  0xf4e9c658: dcb6 f0eb | 5800 9de5 | 0810 d0e5 | 0000 51e3 | e900 000a | 5c10 9de5 | 0020 a0e3 | 0030 a0e1 
  0xf4e9c678: 0300 a0e1 

  0xf4e9c67c: ; ImmutableOopMap {[88]=Oop }
              ;*invokevirtual validatePin {reexecute=0 rethrow=0 return_oop=0}
              ; - com.pi4j.library.pigpio.impl.PiGpioBase::validatePin@3 (line 140)
              ; - com.pi4j.library.pigpio.impl.PiGpioNativeImpl::gpioRead@21 (line 257)
              ;   {optimized virtual_call}
  0xf4e9c67c: ebf6 ffeb | 5c00 9de5 

  0xf4e9c684: ; ImmutableOopMap {[88]=Oop }
              ;*invokestatic gpioRead {reexecute=0 rethrow=0 return_oop=0}
              ; - com.pi4j.library.pigpio.impl.PiGpioNativeImpl::gpioRead@25 (line 258)
              ;   {static_call}
  0xf4e9c684: 31d9 ffeb | 0020 a0e1 | c03f a0e1 | 0110 a0e3 | 0010 8de5 | 6000 8de5 | 5800 9de5 

  0xf4e9c6a0: ; ImmutableOopMap {[88]=Oop }
              ;*invokevirtual validateResult {reexecute=0 rethrow=0 return_oop=0}
              ; - com.pi4j.library.pigpio.impl.PiGpioBase::validateResult@3 (line 251)
              ; - com.pi4j.library.pigpio.impl.PiGpioNativeImpl::gpioRead@32 (line 259)
              ;   {optimized virtual_call}
  0xf4e9c6a0: 8ef4 ffeb | 7f10 e0e3 | 6020 9de5 | 0100 52e1 | 0100 00ba | 7f00 52e3 | 1100 00da 

  0xf4e9c6bc: ;   {metadata('java/lang/Integer')}
  0xf4e9c6bc: 2816 04e3 | 0e13 4ee3 | d000 9ae5 | d840 9ae5 | 1030 80e2 | 0400 53e1 | f700 008a | d030 8ae5 
  0xf4e9c6dc: 0140 a0e3 | 0040 80e5 | 0410 80e5 | 0040 a0e3 | 0840 80e5 | 0c40 80e5 | 5ef0 7ff5 | 0820 80e5 
  0xf4e9c6fc: 5ef0 7ff5 | 0400 00ea | 8000 82e2 

  0xf4e9c708: ;   {oop(a 'java/lang/Integer'[256] {0xea008f38})}
  0xf4e9c708: 381f 08e3 | 001a 4ee3 | 0001 81e0 

  0xf4e9c714: ; implicit exception: dispatches to 0xf4e9cac0
  0xf4e9c714: 0c00 90e5 

  0xf4e9c718: ; ImmutableOopMap {[88]=Oop }
              ;*invokestatic from {reexecute=0 rethrow=0 return_oop=0}
              ; - com.pi4j.library.pigpio.impl.PiGpioNativeImpl::gpioRead@39 (line 260)
              ;   {static_call}
  0xf4e9c718: a4ef ffeb | 5820 9de5 | 2440 92e5 | 0320 a0e3 

  0xf4e9c728: ;   {metadata('java/lang/Object'[])}
  0xf4e9c728: e01e 0ce3 | 0e13 4ee3 | 0050 a0e1 | 4007 52e3 | e100 002a | 13c0 a0e3 | 02c1 8ce0 | 07c0 cce3 
  0xf4e9c748: d000 9ae5 | d860 9ae5 | 0c30 80e0 | 0600 53e1 | d900 008a | d030 8ae5 | 0160 a0e3 | 0060 80e5 
  0xf4e9c768: 0410 80e5 | 0820 80e5 | 0ce0 80e2 | 0060 a0e3 | 0300 5ee1 | 0460 8e34 | fcff ff3a | 5ef0 7ff5 
  0xf4e9c788: 0060 a0e1 | 7f10 e0e3 | 5c20 9de5 | 0100 52e1 | 0100 00ba | 7f00 52e3 | 1100 00da 

  0xf4e9c7a4: ;   {metadata('java/lang/Integer')}
  0xf4e9c7a4: 2816 04e3 | 0e13 4ee3 | d000 9ae5 | d870 9ae5 | 1030 80e2 | 0700 53e1 | c200 008a | d030 8ae5 
  0xf4e9c7c4: 0170 a0e3 | 0070 80e5 | 0410 80e5 | 0070 a0e3 | 0870 80e5 | 0c70 80e5 | 5ef0 7ff5 | 0820 80e5 
  0xf4e9c7e4: 5ef0 7ff5 | 0400 00ea | 8000 82e2 

  0xf4e9c7f0: ;   {oop(a 'java/lang/Integer'[256] {0xea008f38})}
  0xf4e9c7f0: 381f 08e3 | 001a 4ee3 | 0001 81e0 

  0xf4e9c7fc: ; implicit exception: dispatches to 0xf4e9cad4
  0xf4e9c7fc: 0c00 90e5 | 0020 a0e1 | 0000 52e3 | 0d00 000a 

  0xf4e9c80c: ; implicit exception: dispatches to 0xf4e9cad8
  0xf4e9c80c: 0410 96e5 | 0400 92e5 | 8810 91e5 | 10c0 91e5 | 0cc0 90e7 | 0100 50e1 | 0100 5c11 | 0500 000a 
  0xf4e9c82c: 10c0 91e5 | 1800 5ce3 | a800 001a 

  0xf4e9c838: ;   {runtime_call slow_subtype_check Runtime1 stub}
  0xf4e9c838: f442 f0eb | 0000 50e3 | a500 000a | 0c00 86e2 | 0020 80e5 | 00e0 0ae3 | 25e4 4ee3 | a0e4 cee7 
  0xf4e9c858: ; implicit exception: dispatches to 0xf4e9cae4
  0xf4e9c858: 0c20 95e5 | 0000 52e3 | 0d00 000a 

  0xf4e9c864: ; implicit exception: dispatches to 0xf4e9cae8
  0xf4e9c864: 0410 96e5 | 0400 92e5 | 8810 91e5 | 10c0 91e5 | 0cc0 90e7 | 0100 50e1 | 0100 5c11 | 0500 000a 
  0xf4e9c884: 10c0 91e5 | 1800 5ce3 | 9600 001a 

  0xf4e9c890: ;   {runtime_call slow_subtype_check Runtime1 stub}
  0xf4e9c890: de42 f0eb | 0000 50e3 | 9300 000a | 1010 86e2 | 0020 81e5 | 00e0 0ae3 | 25e4 4ee3 | a1e4 cee7 
  0xf4e9c8b0: 1020 95e5 | 7f10 e0e3 | 0100 52e1 | 0100 00ba | 7f00 52e3 | 1100 00da 

  0xf4e9c8c8: ;   {metadata('java/lang/Integer')}
  0xf4e9c8c8: 2816 04e3 | 0e13 4ee3 | d000 9ae5 | d870 9ae5 | 1030 80e2 | 0700 53e1 | 8300 008a | d030 8ae5 
  0xf4e9c8e8: 0170 a0e3 | 0070 80e5 | 0410 80e5 | 0070 a0e3 | 0870 80e5 | 0c70 80e5 | 5ef0 7ff5 | 0820 80e5 
  0xf4e9c908: 5ef0 7ff5 | 0400 00ea | 8000 82e2 

  0xf4e9c914: ;   {oop(a 'java/lang/Integer'[256] {0xea008f38})}
  0xf4e9c914: 381f 08e3 | 001a 4ee3 | 0001 81e0 

  0xf4e9c920: ; implicit exception: dispatches to 0xf4e9cafc
  0xf4e9c920: 0c00 90e5 | 0020 a0e1 | 0000 52e3 | 0d00 000a 

  0xf4e9c930: ; implicit exception: dispatches to 0xf4e9cb00
  0xf4e9c930: 0410 96e5 | 0400 92e5 | 8810 91e5 | 10c0 91e5 | 0cc0 90e7 | 0100 50e1 | 0100 5c11 | 0500 000a 
  0xf4e9c950: 10c0 91e5 | 1800 5ce3 | 6900 001a 

  0xf4e9c95c: ;   {runtime_call slow_subtype_check Runtime1 stub}
  0xf4e9c95c: ab42 f0eb | 0000 50e3 | 6600 000a | 1400 86e2 | 0020 80e5 | 00e0 0ae3 | 25e4 4ee3 | a0e4 cee7 
  0xf4e9c97c: 0420 b0e1 | 0600 000a 

  0xf4e9c984: ;   {metadata('org/slf4j/helpers/AbstractLogger')}
  0xf4e9c984: 8019 06e3 | c113 4ee3 | 0400 9215 | 0200 000a | 24c0 90e5 | 0100 5ce1 | 5a00 001a 

  0xf4e9c9a0: ; implicit exception: dispatches to 0xf4e9cb14
  0xf4e9c9a0: 0c10 94e5 | 0000 51e3 | 0010 a0c3 | 0110 a0d3 | 0110 01e2 | 0110 01e2 | 0000 51e3 | 0500 001a 
  0xf4e9c9c0: 0500 a0e1 | 70d0 8de2 | 0048 bde8 | 48c2 9ae5 

  0xf4e9c9d0: ;   {poll_return}
  0xf4e9c9d0: 00c0 9ce5 | 1eff 2fe1 | 6450 8de5 

  0xf4e9c9dc: ;   {oop("[GPIO::GET] <- PIN: {} is {}({})"{0xeadb46e8})}
  0xf4e9c9dc: e836 04e3 | db3a 4ee3 

  0xf4e9c9e4: ;   {oop(a 'org/slf4j/event/Level'{0xeadb46d0})}
  0xf4e9c9e4: d016 04e3 | db1a 4ee3 | 0020 a0e3 | 0060 8de5 | 0400 a0e1 

  0xf4e9c9f8: ; ImmutableOopMap {[100]=Oop }
              ;*invokespecial handleArgArrayCall {reexecute=0 rethrow=0 return_oop=0}
              ; - org.slf4j.helpers.AbstractLogger::trace@14 (line 96)
              ; - com.pi4j.library.pigpio.impl.PiGpioNativeImpl::gpioRead@77 (line 261)
              ;   {optimized virtual_call}
  0xf4e9c9f8: f4b5 f0eb | 6400 9de5 | 70d0 8de2 | 0048 bde8 | 48c2 9ae5 

  0xf4e9ca0c: ;   {poll_return}
  0xf4e9ca0c: 00c0 9ce5 | 1eff 2fe1 

  0xf4e9ca14: ;   {metadata('com/pi4j/library/pigpio/PiGpioException')}
  0xf4e9ca14: d81e 0ae3 | 7111 4ee3 | bf40 d1e5 

  0xf4e9ca20: ; implicit exception: dispatches to 0xf4e9cb18
  0xf4e9ca20: 0400 54e3 | 3c00 001a | d000 9ae5 | d850 9ae5 | 2040 80e2 | 0500 54e1 | 3700 008a | d040 8ae5 
  0xf4e9ca40: 0150 a0e3 | 0050 80e5 | 0410 80e5 | 0050 a0e3 | 0850 80e5 | 0c50 80e5 | 1050 80e5 | 1450 80e5 
  0xf4e9ca60: 1850 80e5 | 1c50 80e5 | 5ef0 7ff5 

  0xf4e9ca6c: ;   {oop("PIGPIO NOT INITIALIZED; make sure you call the PiGpio::initialize() function first."{0xeae1d400})}
  0xf4e9ca6c: 0014 0de3 | e11a 4ee3 | 0040 a0e1 | 0400 a0e1 | 6840 8de5 

  0xf4e9ca80: ; ImmutableOopMap {[104]=Oop [88]=Oop }
              ;*invokespecial <init> {reexecute=0 rethrow=0 return_oop=0}
              ; - com.pi4j.library.pigpio.impl.PiGpioBase::validateInitialized@13 (line 94)
              ; - com.pi4j.library.pigpio.impl.PiGpioBase::validateReady@1 (line 86)
              ; - com.pi4j.library.pigpio.impl.PiGpioNativeImpl::gpioRead@16 (line 256)
              ;   {optimized virtual_call}
  0xf4e9ca80: d2b5 f0eb | 6840 9de5 | 2a00 00ea 

  0xf4e9ca8c: ; ImmutableOopMap {r4=Oop [88]=Oop }
              ;*new {reexecute=0 rethrow=0 return_oop=0}
              ; - java.lang.Integer::valueOf@23 (line 1081)
              ; - com.pi4j.library.pigpio.impl.PiGpioNativeImpl::gpioRead@7 (line 255)
              ;   {runtime_call fast_new_instance Runtime1 stub}
  0xf4e9ca8c: 6f44 f0eb | 9efe ffea 

  0xf4e9ca94: ; ImmutableOopMap {r4=Oop [88]=Oop }
              ;*aaload {reexecute=0 rethrow=0 return_oop=0}
              ; - java.lang.Integer::valueOf@21 (line 1080)
              ; - com.pi4j.library.pigpio.impl.PiGpioNativeImpl::gpioRead@7 (line 255)
              ;   {runtime_call throw_null_pointer_exception Runtime1 stub}
  0xf4e9ca94: fd44 f0eb | 0020 8de5 

  0xf4e9ca9c: ; ImmutableOopMap {r4=Oop [88]=Oop r3=Oop }
              ;*invokeinterface trace {reexecute=0 rethrow=0 return_oop=0}
              ; - com.pi4j.library.pigpio.impl.PiGpioNativeImpl::gpioRead@10 (line 255)
              ;   {runtime_call throw_incompatible_class_change_error Runtime1 stub}
  0xf4e9ca9c: 8b42 f0eb 

  0xf4e9caa0: ; ImmutableOopMap {r4=Oop [88]=Oop r3=Oop }
              ;*invokeinterface trace {reexecute=0 rethrow=0 return_oop=0}
              ; - com.pi4j.library.pigpio.impl.PiGpioNativeImpl::gpioRead@10 (line 255)
              ;   {runtime_call throw_null_pointer_exception Runtime1 stub}
  0xf4e9caa0: fa44 f0eb 

  0xf4e9caa4: ; ImmutableOopMap {r3=Oop r4=Oop [88]=Oop }
              ;*anewarray {reexecute=0 rethrow=0 return_oop=0}
              ; - org.slf4j.helpers.AbstractLogger::handle_1ArgsCall@5 (line 386)
              ; - org.slf4j.helpers.AbstractLogger::trace@14 (line 82)
              ; - com.pi4j.library.pigpio.impl.PiGpioNativeImpl::gpioRead@10 (line 255)
              ;   {runtime_call new_object_array Runtime1 stub}
  0xf4e9caa4: d943 f0eb | cbfe ffea 

  0xf4e9caac: ; ImmutableOopMap {r3=Oop r4=Oop [88]=Oop r7=Oop }
              ;*aastore {reexecute=1 rethrow=0 return_oop=0}
              ; - (reexecute) org.slf4j.helpers.AbstractLogger::handle_1ArgsCall@12 (line 386)
              ; - org.slf4j.helpers.AbstractLogger::trace@14 (line 82)
              ; - com.pi4j.library.pigpio.impl.PiGpioNativeImpl::gpioRead@10 (line 255)
              ;   {runtime_call throw_null_pointer_exception Runtime1 stub}
  0xf4e9caac: f744 f0eb | 0030 8de5 

  0xf4e9cab4: ; ImmutableOopMap {r3=Oop r4=Oop [88]=Oop r7=Oop }
              ;*aastore {reexecute=1 rethrow=0 return_oop=0}
              ; - (reexecute) org.slf4j.helpers.AbstractLogger::handle_1ArgsCall@12 (line 386)
              ; - org.slf4j.helpers.AbstractLogger::trace@14 (line 82)
              ; - com.pi4j.library.pigpio.impl.PiGpioNativeImpl::gpioRead@10 (line 255)
              ;   {runtime_call throw_array_store_exception Runtime1 stub}
  0xf4e9cab4: e542 f0eb 

  0xf4e9cab8: ; ImmutableOopMap {[88]=Oop }
              ;*new {reexecute=0 rethrow=0 return_oop=0}
              ; - java.lang.Integer::valueOf@23 (line 1081)
              ; - com.pi4j.library.pigpio.impl.PiGpioNativeImpl::gpioRead@36 (line 260)
              ;   {runtime_call fast_new_instance Runtime1 stub}
  0xf4e9cab8: 6444 f0eb | 0dff ffea 

  0xf4e9cac0: ; ImmutableOopMap {[88]=Oop }
              ;*aaload {reexecute=0 rethrow=0 return_oop=0}
              ; - java.lang.Integer::valueOf@21 (line 1080)
              ; - com.pi4j.library.pigpio.impl.PiGpioNativeImpl::gpioRead@36 (line 260)
              ;   {runtime_call throw_null_pointer_exception Runtime1 stub}
  0xf4e9cac0: f244 f0eb 

  0xf4e9cac4: ; ImmutableOopMap {r4=Oop r5=Oop }
              ;*anewarray {reexecute=0 rethrow=0 return_oop=0}
              ; - com.pi4j.library.pigpio.impl.PiGpioNativeImpl::gpioRead@50 (line 261)
              ;   {runtime_call new_object_array Runtime1 stub}
  0xf4e9cac4: d143 f0eb | 2eff ffea 

  0xf4e9cacc: ; ImmutableOopMap {r4=Oop r5=Oop r6=Oop }
              ;*new {reexecute=0 rethrow=0 return_oop=0}
              ; - java.lang.Integer::valueOf@23 (line 1081)
              ; - com.pi4j.library.pigpio.impl.PiGpioNativeImpl::gpioRead@56 (line 261)
              ;   {runtime_call fast_new_instance Runtime1 stub}
  0xf4e9cacc: 5f44 f0eb | 42ff ffea 

  0xf4e9cad4: ; ImmutableOopMap {r4=Oop r5=Oop r6=Oop }
              ;*aaload {reexecute=0 rethrow=0 return_oop=0}
              ; - java.lang.Integer::valueOf@21 (line 1080)
              ; - com.pi4j.library.pigpio.impl.PiGpioNativeImpl::gpioRead@56 (line 261)
              ;   {runtime_call throw_null_pointer_exception Runtime1 stub}
  0xf4e9cad4: ed44 f0eb 

  0xf4e9cad8: ; ImmutableOopMap {r4=Oop r5=Oop r6=Oop r2=Oop }
              ;*aastore {reexecute=1 rethrow=0 return_oop=0}
              ; - (reexecute) com.pi4j.library.pigpio.impl.PiGpioNativeImpl::gpioRead@59 (line 261)
              ;   {runtime_call throw_null_pointer_exception Runtime1 stub}
  0xf4e9cad8: ec44 f0eb | 0020 8de5 

  0xf4e9cae0: ; ImmutableOopMap {r4=Oop r5=Oop r6=Oop r2=Oop }
              ;*aastore {reexecute=1 rethrow=0 return_oop=0}
              ; - (reexecute) com.pi4j.library.pigpio.impl.PiGpioNativeImpl::gpioRead@59 (line 261)
              ;   {runtime_call throw_array_store_exception Runtime1 stub}
  0xf4e9cae0: da42 f0eb 

  0xf4e9cae4: ; ImmutableOopMap {r4=Oop r5=Oop r6=Oop }
              ;*invokevirtual name {reexecute=0 rethrow=0 return_oop=0}
              ; - com.pi4j.library.pigpio.impl.PiGpioNativeImpl::gpioRead@63 (line 261)
              ;   {runtime_call throw_null_pointer_exception Runtime1 stub}
  0xf4e9cae4: e944 f0eb 

  0xf4e9cae8: ; ImmutableOopMap {r4=Oop r5=Oop r6=Oop r2=Oop }
              ;*aastore {reexecute=1 rethrow=0 return_oop=0}
              ; - (reexecute) com.pi4j.library.pigpio.impl.PiGpioNativeImpl::gpioRead@66 (line 261)
              ;   {runtime_call throw_null_pointer_exception Runtime1 stub}
  0xf4e9cae8: e844 f0eb | 0020 8de5 

  0xf4e9caf0: ; ImmutableOopMap {r4=Oop r5=Oop r6=Oop r2=Oop }
              ;*aastore {reexecute=1 rethrow=0 return_oop=0}
              ; - (reexecute) com.pi4j.library.pigpio.impl.PiGpioNativeImpl::gpioRead@66 (line 261)
              ;   {runtime_call throw_array_store_exception Runtime1 stub}
  0xf4e9caf0: d642 f0eb 

  0xf4e9caf4: ; ImmutableOopMap {r4=Oop r5=Oop r6=Oop }
              ;*new {reexecute=0 rethrow=0 return_oop=0}
              ; - java.lang.Integer::valueOf@23 (line 1081)
              ; - com.pi4j.library.pigpio.impl.PiGpioNativeImpl::gpioRead@73 (line 261)
              ;   {runtime_call fast_new_instance Runtime1 stub}
  0xf4e9caf4: 5544 f0eb | 81ff ffea 

  0xf4e9cafc: ; ImmutableOopMap {r4=Oop r5=Oop r6=Oop }
              ;*aaload {reexecute=0 rethrow=0 return_oop=0}
              ; - java.lang.Integer::valueOf@21 (line 1080)
              ; - com.pi4j.library.pigpio.impl.PiGpioNativeImpl::gpioRead@73 (line 261)
              ;   {runtime_call throw_null_pointer_exception Runtime1 stub}
  0xf4e9cafc: e344 f0eb 

  0xf4e9cb00: ; ImmutableOopMap {r4=Oop r5=Oop r6=Oop r2=Oop }
              ;*aastore {reexecute=1 rethrow=0 return_oop=0}
              ; - (reexecute) com.pi4j.library.pigpio.impl.PiGpioNativeImpl::gpioRead@76 (line 261)
              ;   {runtime_call throw_null_pointer_exception Runtime1 stub}
  0xf4e9cb00: e244 f0eb | 0020 8de5 

  0xf4e9cb08: ; ImmutableOopMap {r4=Oop r5=Oop r6=Oop r2=Oop }
              ;*aastore {reexecute=1 rethrow=0 return_oop=0}
              ; - (reexecute) com.pi4j.library.pigpio.impl.PiGpioNativeImpl::gpioRead@76 (line 261)
              ;   {runtime_call throw_array_store_exception Runtime1 stub}
  0xf4e9cb08: d042 f0eb | 0020 8de5 

  0xf4e9cb10: ; ImmutableOopMap {r4=Oop r5=Oop r6=Oop }
              ;*invokeinterface trace {reexecute=0 rethrow=0 return_oop=0}
              ; - com.pi4j.library.pigpio.impl.PiGpioNativeImpl::gpioRead@77 (line 261)
              ;   {runtime_call throw_incompatible_class_change_error Runtime1 stub}
  0xf4e9cb10: 6e42 f0eb 

  0xf4e9cb14: ; ImmutableOopMap {r4=Oop r5=Oop r6=Oop }
              ;*invokeinterface trace {reexecute=0 rethrow=0 return_oop=0}
              ; - com.pi4j.library.pigpio.impl.PiGpioNativeImpl::gpioRead@77 (line 261)
              ;   {runtime_call throw_null_pointer_exception Runtime1 stub}
  0xf4e9cb14: dd44 f0eb 

  0xf4e9cb18: ; ImmutableOopMap {[88]=Oop }
              ;*new {reexecute=0 rethrow=0 return_oop=0}
              ; - com.pi4j.library.pigpio.impl.PiGpioBase::validateInitialized@7 (line 94)
              ; - com.pi4j.library.pigpio.impl.PiGpioBase::validateReady@1 (line 86)
              ; - com.pi4j.library.pigpio.impl.PiGpioNativeImpl::gpioRead@16 (line 256)
              ;   {runtime_call throw_null_pointer_exception Runtime1 stub}
  0xf4e9cb18: dc44 f0eb 

  0xf4e9cb1c: ; ImmutableOopMap {[88]=Oop }
              ;*new {reexecute=0 rethrow=0 return_oop=0}
              ; - com.pi4j.library.pigpio.impl.PiGpioBase::validateInitialized@7 (line 94)
              ; - com.pi4j.library.pigpio.impl.PiGpioBase::validateReady@1 (line 86)
              ; - com.pi4j.library.pigpio.impl.PiGpioNativeImpl::gpioRead@16 (line 256)
              ;   {runtime_call fast_new_instance_init_check Runtime1 stub}
  0xf4e9cb1c: 1b44 f0eb | d1ff ffea | 0000 a0e1 | 00c0 a0e3 | 7842 9ae5 | 78c2 8ae5 | 7cc2 8ae5 | 70d0 8de2 
  0xf4e9cb3c: 0048 bde8 

  0xf4e9cb40: ;   {runtime_call unwind_exception Runtime1 stub}
  0xf4e9cb40: c245 f0ea | ffff ffff | ffff ffff | ffff ffff 
[Stub Code]
  0xf4e9cb50: ;   {no_reloc}
  0xf4e9cb50: 0090 9fe5 | feff ffea 

  0xf4e9cb58: ;   {metadata(NULL)}
  0xf4e9cb58: 0000 0000 

  0xf4e9cb5c: ;   {static_stub}
  0xf4e9cb5c: 0090 9fe5 | feff ffea 

  0xf4e9cb64: ;   {metadata(NULL)}
  0xf4e9cb64: 0000 0000 

  0xf4e9cb68: ;   {static_stub}
  0xf4e9cb68: 0090 9fe5 | feff ffea 

  0xf4e9cb70: ;   {metadata(NULL)}
  0xf4e9cb70: 0000 0000 

  0xf4e9cb74: ;   {static_stub}
  0xf4e9cb74: 0090 9fe5 | feff ffea 

  0xf4e9cb7c: ;   {metadata(NULL)}
  0xf4e9cb7c: 0000 0000 

  0xf4e9cb80: ;   {static_stub}
  0xf4e9cb80: 0090 9fe5 | feff ffea 

  0xf4e9cb88: ;   {metadata(NULL)}
  0xf4e9cb88: 0000 0000 

  0xf4e9cb8c: ;   {static_stub}
  0xf4e9cb8c: 0090 9fe5 | feff ffea 

  0xf4e9cb94: ;   {metadata(NULL)}
  0xf4e9cb94: 0000 0000 

  0xf4e9cb98: ;   {static_stub}
  0xf4e9cb98: 0090 9fe5 | feff ffea 

  0xf4e9cba0: ;   {metadata(NULL)}
  0xf4e9cba0: 0000 0000 
[Exception Handler]
  0xf4e9cba4: ;   {runtime_call handle_exception_from_callee Runtime1 stub}
  0xf4e9cba4: d942 f0eb | ffdf 2de9 | 0400 9fe5 | 0d10 a0e1 | 00f0 9fe5 | 9c7f 74f7 | 9066 51f7 
[Deopt Handler Code]
  0xf4e9cbc0: 08e0 4fe2 | 04e0 2de5 

  0xf4e9cbc8: ;   {runtime_call DeoptimizationBlob}
  0xf4e9cbc8: 64c6 f0ea 
[/MachCode]


Compiled method (c1)   46194 2744   !         com.pi4j.plugin.pigpio.provider.gpio.digital.PiGpioDigitalInput::state (99 bytes)
 total in heap  [0xf4e9bc88,0xf4e9c2b4] = 1580
 relocation     [0xf4e9bd6c,0xf4e9bdc8] = 92
 main code      [0xf4e9bdd0,0xf4e9c010] = 576
 stub code      [0xf4e9c010,0xf4e9c05c] = 76
 oops           [0xf4e9c05c,0xf4e9c07c] = 32
 metadata       [0xf4e9c07c,0xf4e9c0c4] = 72
 scopes data    [0xf4e9c0c4,0xf4e9c120] = 92
 scopes pcs     [0xf4e9c120,0xf4e9c1e0] = 192
 dependencies   [0xf4e9c1e0,0xf4e9c200] = 32
 handler table  [0xf4e9c200,0xf4e9c290] = 144
 nul chk table  [0xf4e9c290,0xf4e9c2b4] = 36

[Constant Pool (empty)]

[MachCode]
[Entry Point]
  # {method} {0xe175fc80} 'state' '()Lcom/pi4j/io/gpio/digital/DigitalState;' in 'com/pi4j/plugin/pigpio/provider/gpio/digital/PiGpioDigitalInput'
  #           [sp+0x60]  (sp of caller)
  0xf4e9bdd0: 04c0 90e5 | 0800 5ce1 | 0000 000a 

  0xf4e9bddc: ;   {runtime_call ic_miss_stub}
  0xf4e9bddc: bbb8 f0ea 
[Verified Entry Point]
  0xf4e9bde0: 50cc 4de2 | 0000 cce5 | 0048 2de9 | 58d0 4de2 | 3420 90e5 | 3030 90e5 | 4800 8de5 | 0250 b0e1 
  0xf4e9be00: 0600 000a 

  0xf4e9be04: ;   {metadata('com/pi4j/library/pigpio/impl/PiGpioNativeImpl')}
  0xf4e9be04: 4811 0ae3 | 7111 4ee3 | 0400 9515 | 0200 000a | 28c0 90e5 | 0100 5ce1 | 5b00 001a 

  0xf4e9be20: ; implicit exception: dispatches to 0xf4e9bf98
  0xf4e9be20: 00c0 92e5 | 0310 a0e1 | 0200 a0e1 

  0xf4e9be2c: ; ImmutableOopMap {[72]=Oop }
              ;*invokeinterface gpioRead {reexecute=0 rethrow=0 return_oop=0}
              ; - com.pi4j.plugin.pigpio.provider.gpio.digital.PiGpioDigitalInput::state@11 (line 118)
              ;   {optimized virtual_call}
  0xf4e9be2c: 9b01 00eb 

  0xf4e9be30: ; implicit exception: dispatches to 0xf4e9bf9c
  0xf4e9be30: 0800 90e5 | 0340 a0e3 

  0xf4e9be38: ;   {oop([I{0xeadb4700})}
  0xf4e9be38: 0017 04e3 | db1a 4ee3 | 0000 54e1 | 5500 009a | 0001 81e0 

  0xf4e9be4c: ; implicit exception: dispatches to 0xf4e9bfac
  0xf4e9be4c: 0c00 90e5 | 0100 50e3 | 1100 000a | 0200 50e3 | 0700 000a | 4810 9de5 

  0xf4e9be64: ;   {oop(a 'com/pi4j/io/gpio/digital/DigitalState'{0xeadb4718})}
  0xf4e9be64: 1807 04e3 | db0a 4ee3 | 3800 81e5 | 00e0 0ae3 | 25e4 4ee3 | a1e4 cee7 | 0e00 00ea | 4810 9de5 
  0xf4e9be84: ;   {oop(a 'com/pi4j/io/gpio/digital/DigitalState'{0xeadb3cd0})}
  0xf4e9be84: d00c 03e3 | db0a 4ee3 | 3800 81e5 | 00e0 0ae3 | 25e4 4ee3 | a1e4 cee7 | 0600 00ea | 4810 9de5 
  0xf4e9bea4: ;   {oop(a 'com/pi4j/io/gpio/digital/DigitalState'{0xeadb4730})}
  0xf4e9bea4: 3007 04e3 | db0a 4ee3 | 3800 81e5 | 00e0 0ae3 | 25e4 4ee3 | a1e4 cee7 | 3800 91e5 | 58d0 8de2 
  0xf4e9bec4: 0048 bde8 | 48c2 9ae5 

  0xf4e9becc: ;   {poll_return}
  0xf4e9becc: 00c0 9ce5 | 1eff 2fe1 | 7842 9ae5 | 00c0 a0e3 | 78c2 8ae5 | 00c0 a0e3 | 7cc2 8ae5 | 3c10 91e5 
  0xf4e9beec: 0400 a0e1 | 5040 8de5 | 4c10 8de5 | ff8f 0fe3 | ff8f 4fe3 

  0xf4e9bf00: ; ImmutableOopMap {[76]=Oop [80]=Oop }
              ;*invokevirtual getMessage {reexecute=0 rethrow=0 return_oop=0}
              ; - com.pi4j.plugin.pigpio.provider.gpio.digital.PiGpioDigitalInput::state@86 (line 134)
              ;   {virtual_call}
  0xf4e9bf00: f2b8 f0eb | 0030 a0e1 | 4c40 9de5 | 0420 b0e1 | 0600 000a 

  0xf4e9bf14: ;   {metadata('org/slf4j/helpers/AbstractLogger')}
  0xf4e9bf14: 8019 06e3 | c113 4ee3 | 0400 9215 | 0200 000a | 24c0 90e5 | 0100 5ce1 | 1f00 001a 

  0xf4e9bf30: ; implicit exception: dispatches to 0xf4e9bfb8
  0xf4e9bf30: 0c10 94e5 | 2800 51e3 | 0010 a0c3 | 0110 a0d3 | 0110 01e2 | 0110 01e2 | 0000 51e3 | 0800 000a 
  0xf4e9bf50: 5000 9de5 

  0xf4e9bf54: ;   {oop(a 'org/slf4j/event/Level'{0xeadb4748})}
  0xf4e9bf54: 4817 04e3 | db1a 4ee3 | 0020 a0e3 | 0050 a0e3 | 0050 8de5 | 0400 8de5 | 0400 a0e1 

  0xf4e9bf70: ; ImmutableOopMap {}
              ;*invokevirtual handleNormalizedLoggingCall {reexecute=0 rethrow=0 return_oop=0}
              ; - org.slf4j.helpers.AbstractLogger::handle_0ArgsCall@7 (line 382)
              ; - org.slf4j.helpers.AbstractLogger::error@14 (line 347)
              ; - com.pi4j.plugin.pigpio.provider.gpio.digital.PiGpioDigitalInput::state@90 (line 134)
              ;   {optimized virtual_call}
  0xf4e9bf70: 96b8 f0eb 

  0xf4e9bf74: ;   {oop(a 'com/pi4j/io/gpio/digital/DigitalState'{0xeadb4718})}
  0xf4e9bf74: 1807 04e3 | db0a 4ee3 | 58d0 8de2 | 0048 bde8 | 48c2 9ae5 

  0xf4e9bf88: ;   {poll_return}
  0xf4e9bf88: 00c0 9ce5 | 1eff 2fe1 | 0050 8de5 

  0xf4e9bf94: ; ImmutableOopMap {r2=Oop [72]=Oop }
              ;*invokeinterface gpioRead {reexecute=0 rethrow=0 return_oop=0}
              ; - com.pi4j.plugin.pigpio.provider.gpio.digital.PiGpioDigitalInput::state@11 (line 118)
              ;   {runtime_call throw_incompatible_class_change_error Runtime1 stub}
  0xf4e9bf94: 4d45 f0eb 

  0xf4e9bf98: ; ImmutableOopMap {r2=Oop [72]=Oop }
              ;*invokeinterface gpioRead {reexecute=0 rethrow=0 return_oop=0}
              ; - com.pi4j.plugin.pigpio.provider.gpio.digital.PiGpioDigitalInput::state@11 (line 118)
              ;   {runtime_call throw_null_pointer_exception Runtime1 stub}
  0xf4e9bf98: bc47 f0eb 

  0xf4e9bf9c: ; ImmutableOopMap {[72]=Oop }
              ;*invokevirtual ordinal {reexecute=0 rethrow=0 return_oop=0}
              ; - com.pi4j.plugin.pigpio.provider.gpio.digital.PiGpioDigitalInput::state@16 (line 118)
              ;   {runtime_call throw_null_pointer_exception Runtime1 stub}
  0xf4e9bf9c: bb47 f0eb | 0000 8de5 | 0410 8de5 

  0xf4e9bfa8: ; ImmutableOopMap {[72]=Oop r1=Oop }
              ;*iaload {reexecute=0 rethrow=0 return_oop=0}
              ; - com.pi4j.plugin.pigpio.provider.gpio.digital.PiGpioDigitalInput::state@19 (line 118)
              ;   {runtime_call throw_range_check_failed Runtime1 stub}
  0xf4e9bfa8: 4848 f0eb 

  0xf4e9bfac: ; ImmutableOopMap {[72]=Oop }
              ;*iaload {reexecute=0 rethrow=0 return_oop=0}
              ; - com.pi4j.plugin.pigpio.provider.gpio.digital.PiGpioDigitalInput::state@19 (line 118)
              ;   {runtime_call throw_null_pointer_exception Runtime1 stub}
  0xf4e9bfac: b747 f0eb | 0020 8de5 

  0xf4e9bfb4: ; ImmutableOopMap {[80]=Oop r3=Oop r4=Oop }
              ;*invokeinterface error {reexecute=0 rethrow=0 return_oop=0}
              ; - com.pi4j.plugin.pigpio.provider.gpio.digital.PiGpioDigitalInput::state@90 (line 134)
              ;   {runtime_call throw_incompatible_class_change_error Runtime1 stub}
  0xf4e9bfb4: 4545 f0eb 

  0xf4e9bfb8: ; ImmutableOopMap {[80]=Oop r3=Oop r4=Oop }
              ;*invokeinterface error {reexecute=0 rethrow=0 return_oop=0}
              ; - com.pi4j.plugin.pigpio.provider.gpio.digital.PiGpioDigitalInput::state@90 (line 134)
              ;   {runtime_call throw_null_pointer_exception Runtime1 stub}
  0xf4e9bfb8: b447 f0eb | 4810 9de5 | c3ff ffea | 4810 9de5 | c1ff ffea | 4810 9de5 | bfff ffea | 4810 9de5 
  0xf4e9bfd8: bdff ffea | 4810 9de5 | bbff ffea | 4810 9de5 | b9ff ffea | 0000 a0e1 | 00c0 a0e3 | 7842 9ae5 
  0xf4e9bff8: 78c2 8ae5 | 7cc2 8ae5 | 58d0 8de2 | 0048 bde8 

  0xf4e9c008: ;   {runtime_call unwind_exception Runtime1 stub}
  0xf4e9c008: 9048 f0ea | ffff ffff 
[Stub Code]
  0xf4e9c010: ;   {no_reloc}
  0xf4e9c010: 0090 9fe5 | 0cb7 f0ea 

  0xf4e9c018: ;   {metadata({method} {0xe1710928} 'gpioRead' '(I)Lcom/pi4j/library/pigpio/PiGpioState;' in 'com/pi4j/library/pigpio/impl/PiGpioNativeImpl')}
  0xf4e9c018: 2809 71e1 

  0xf4e9c01c: ;   {static_stub}
  0xf4e9c01c: 0090 9fe5 | feff ffea 

  0xf4e9c024: ;   {metadata(NULL)}
  0xf4e9c024: 0000 0000 

  0xf4e9c028: ;   {static_stub}
  0xf4e9c028: 0090 9fe5 | feff ffea 

  0xf4e9c030: ;   {metadata(NULL)}
  0xf4e9c030: 0000 0000 
[Exception Handler]
  0xf4e9c034: ;   {runtime_call handle_exception_from_callee Runtime1 stub}
  0xf4e9c034: b545 f0eb | ffdf 2de9 | 0400 9fe5 | 0d10 a0e1 | 00f0 9fe5 | 9c7f 74f7 | 9066 51f7 
[Deopt Handler Code]
  0xf4e9c050: 08e0 4fe2 | 04e0 2de5 

  0xf4e9c058: ;   {runtime_call DeoptimizationBlob}
  0xf4e9c058: 40c9 f0ea 
[/MachCode]


---------------  P R O C E S S  ---------------

Threads class SMR info:
_java_thread_list=0xe4504658, length=18, elements={
0xf6c14ec8, 0xf6c74770, 0xf6c75908, 0xf6c970e8,
0xf6c98110, 0xf6c99110, 0xf6c9a180, 0xf6c8d550,
0xe2b0e9f8, 0xe2b151f8, 0xe26af348, 0xe22c7d60,
0xe22c85b0, 0xe22c9920, 0xe470e848, 0xe22ca858,
0xe47143d0, 0xe4400dd8
}

Java Threads: ( => current thread )
  0xf6c14ec8 JavaThread "main" [_thread_in_native, id=7587, stack(0xf6dac000,0xf6dfc000)]
  0xf6c74770 JavaThread "Reference Handler" daemon [_thread_blocked, id=7589, stack(0xe46b0000,0xe4700000)]
  0xf6c75908 JavaThread "Finalizer" daemon [_thread_blocked, id=7590, stack(0xe4660000,0xe46b0000)]
  0xf6c970e8 JavaThread "Signal Dispatcher" daemon [_thread_blocked, id=7591, stack(0xe4610000,0xe4660000)]
  0xf6c98110 JavaThread "Service Thread" daemon [_thread_blocked, id=7592, stack(0xe40b0000,0xe4100000)]
  0xf6c99110 JavaThread "Monitor Deflation Thread" daemon [_thread_blocked, id=7593, stack(0xe4060000,0xe40b0000)]
  0xf6c9a180 JavaThread "C1 CompilerThread0" daemon [_thread_blocked, id=7594, stack(0xe2d06000,0xe2d86000)]
  0xf6c8d550 JavaThread "Sweeper thread" daemon [_thread_blocked, id=7595, stack(0xe4010000,0xe4060000)]
  0xe2b0e9f8 JavaThread "Notification Thread" daemon [_thread_blocked, id=7596, stack(0xe29b0000,0xe2a00000)]
  0xe2b151f8 JavaThread "Common-Cleaner" daemon [_thread_blocked, id=7598, stack(0xe28df000,0xe292f000)]
=>0xe26af348 JavaThread "async-io-1" daemon [_thread_in_native, id=7631, stack(0xe288f000,0xe28df000)]
  0xe22c7d60 JavaThread "async-io-2" daemon [_thread_blocked, id=7636, stack(0xe0ae1000,0xe0b31000)]
  0xe22c85b0 JavaThread "async-io-3" daemon [_thread_in_Java, id=7637, stack(0xe0a91000,0xe0ae1000)]
  0xe22c9920 JavaThread "async-io-4" daemon [_thread_blocked, id=7638, stack(0xe0a41000,0xe0a91000)]
  0xe470e848 JavaThread "clojure.core.async.timers/timeout-daemon" daemon [_thread_blocked, id=7639, stack(0xe09f1000,0xe0a41000)]
  0xe22ca858 JavaThread "async-io-5" daemon [_thread_blocked, id=7640, stack(0xe09a1000,0xe09f1000)]
  0xe47143d0 JavaThread "async-io-6" daemon [_thread_blocked, id=7681, stack(0xe0951000,0xe09a1000)]
  0xe4400dd8 JavaThread "SIGINT handler" daemon [_thread_blocked, id=7691, stack(0xe0901000,0xe0951000)]

Other Threads:
  0xf6c6cc68 VMThread "VM Thread" [stack: 0xe484e000,0xe48ce000] [id=7588]
  0xe2b0fc58 WatcherThread [stack: 0xe2930000,0xe29b0000] [id=7597]

Threads with active compile tasks:

VM state: not at safepoint (normal execution)

VM Mutex/Monitor currently owned by a thread: None

GC Precious Log:
 CPUs: 4 total, 4 available
 Memory: 3744M
 Large Page Support: Disabled
 NUMA Support: Disabled
 Compressed Oops: Disabled
 Heap Min Capacity: 6M
 Heap Initial Capacity: 16M
 Heap Max Capacity: 256M
 Pre-touch: Disabled

Heap:
 def new generation   total 10112K, used 3602K [0xe4a00000, 0xe54e0000, 0xe9f40000)
  eden space 9088K,  39% used [0xe4a00000, 0xe4d840d8, 0xe52e0000)
  from space 1024K,   0% used [0xe53e0000, 0xe53e0828, 0xe54e0000)
  to   space 1024K,   0% used [0xe52e0000, 0xe52e0000, 0xe53e0000)
 tenured generation   total 22160K, used 15238K [0xe9f40000, 0xeb4e4000, 0xf4a00000)
   the space 22160K,  68% used [0xe9f40000, 0xeae21890, 0xeae21a00, 0xeb4e4000)
 Metaspace       used 21633K, committed 24000K, reserved 32768K

Card table byte_map: [0xe497f000,0xe4a00000] _byte_map_base: 0xe425a000

Polling page: 0xf7a41000

Metaspace:

Usage:
   21.13 MB used.

Virtual space:
     32.00 MB reserved,      23.44 MB ( 73%) committed,  2 nodes.

Chunk freelists:
8.45 MB

MaxMetaspaceSize: unlimited
No class space
Initial GC threshold: 16.00 MB
Current GC threshold: 37.00 MB
CDS: off
MetaspaceReclaimPolicy: balanced
 - commit_granule_bytes: 65536.
 - commit_granule_words: 16384.
 - virtual_space_node_default_size: 4194304.
 - enlarge_chunks_in_place: 1.
 - new_chunks_are_fully_committed: 0.
 - uncommit_free_chunks: 1.
 - use_allocation_guard: 0.
 - handle_deallocations: 1.


Internal statistics:

num_allocs_failed_limit: 3.
num_arena_births: 1480.
num_arena_deaths: 302.
num_vsnodes_births: 2.
num_vsnodes_deaths: 0.
num_space_committed: 375.
num_space_uncommitted: 0.
num_chunks_returned_to_freelist: 325.
num_chunks_taken_from_freelist: 2345.
num_chunk_merges: 87.
num_chunk_splits: 1377.
num_chunks_enlarged: 670.
num_inconsistent_stats: 0.

CodeCache: size=32768Kb used=4436Kb max_used=4436Kb free=28331Kb
 bounds [0xf4a98000, 0xf4ef0000, 0xf6a98000]
 total_blobs=3104 nmethods=2882 adapters=156
 compilation: enabled
              stopped_count=0, restarted_count=0
 full_count=0

Compilation events (20 events):
Event: 45.869 Thread 0xf6c9a180 2871             java.util.concurrent.ConcurrentSkipListMap$Node::<init> (20 bytes)
Event: 45.870 Thread 0xf6c9a180 nmethod 2871 0xf4ee9708 code [0xf4ee9800, 0xf4ee98b8]
Event: 45.954 Thread 0xf6c9a180 2872             clojure.core.async.impl.timers.TimeoutQueueEntry::getDelay (28 bytes)
Event: 45.955 Thread 0xf6c9a180 nmethod 2872 0xf4ee9908 code [0xf4ee9a20, 0xf4ee9bb0]
Event: 45.959 Thread 0xf6c9a180 2873             clojure.core.async.impl.ioc_macros$fn_handler$reify__846::lock_id (4 bytes)
Event: 45.959 Thread 0xf6c9a180 nmethod 2873 0xf4ee9cc8 code [0xf4ee9dc0, 0xf4ee9e48]
Event: 45.966 Thread 0xf6c9a180 2874             clojure.core.async.impl.channels$appm::invokeStatic (43 bytes)
Event: 45.967 Thread 0xf6c9a180 nmethod 2874 0xf4ee9e88 code [0xf4ee9fb0, 0xf4eea180]
Event: 45.967 Thread 0xf6c9a180 2875             clojure.core.async.impl.channels$appm$fn__635::<init> (15 bytes)
Event: 45.967 Thread 0xf6c9a180 nmethod 2875 0xf4eea2c8 code [0xf4eea3c0, 0xf4eea468]
Event: 45.967 Thread 0xf6c9a180 2876             clojure.core.async.impl.ioc_macros$take_BANG_$fn__851::invoke (69 bytes)
Event: 45.972 Thread 0xf6c9a180 nmethod 2876 0xf4eea4c8 code [0xf4eea740, 0xf4eeb14c]
Event: 46.090 Thread 0xf6c9a180 2878             jdk.internal.org.objectweb.asm.ClassReader::readUnsignedShort (26 bytes)
Event: 46.090 Thread 0xf6c9a180 nmethod 2878 0xf4eebc48 code [0xf4eebd40, 0xf4eebe18]
Event: 46.098 Thread 0xf6c9a180 2879             sun.invoke.util.VerifyAccess::isTypeVisible (118 bytes)
Event: 46.101 Thread 0xf6c9a180 nmethod 2879 0xf4eebec8 code [0xf4eec090, 0xf4eec5e8]
Event: 46.104 Thread 0xf6c9a180 2880             java.util.HashMap::values (25 bytes)
Event: 46.105 Thread 0xf6c9a180 nmethod 2880 0xf4eecac8 code [0xf4eecbc0, 0xf4eeccc8]
Event: 46.105 Thread 0xf6c9a180 2881             java.util.HashMap$Values::<init> (10 bytes)
Event: 46.105 Thread 0xf6c9a180 nmethod 2881 0xf4eecd48 code [0xf4eece40, 0xf4eeced8]

GC Heap History (20 events):
Event: 41.635 GC heap before
{Heap before GC invocations=179 (full 2):
 def new generation   total 10112K, used 9089K [0xe4a00000, 0xe54e0000, 0xe9f40000)
  eden space 9088K, 100% used [0xe4a00000, 0xe52e0000, 0xe52e0000)
  from space 1024K,   0% used [0xe53e0000, 0xe53e04c0, 0xe54e0000)
  to   space 1024K,   0% used [0xe52e0000, 0xe52e0000, 0xe53e0000)
 tenured generation   total 22160K, used 15238K [0xe9f40000, 0xeb4e4000, 0xf4a00000)
   the space 22160K,  68% used [0xe9f40000, 0xeae21878, 0xeae21a00, 0xeb4e4000)
 Metaspace       used 21604K, committed 24000K, reserved 32768K
}
Event: 41.637 GC heap after
{Heap after GC invocations=180 (full 2):
 def new generation   total 10112K, used 2K [0xe4a00000, 0xe54e0000, 0xe9f40000)
  eden space 9088K,   0% used [0xe4a00000, 0xe4a00000, 0xe52e0000)
  from space 1024K,   0% used [0xe52e0000, 0xe52e0950, 0xe53e0000)
  to   space 1024K,   0% used [0xe53e0000, 0xe53e0000, 0xe54e0000)
 tenured generation   total 22160K, used 15238K [0xe9f40000, 0xeb4e4000, 0xf4a00000)
   the space 22160K,  68% used [0xe9f40000, 0xeae21878, 0xeae21a00, 0xeb4e4000)
 Metaspace       used 21604K, committed 24000K, reserved 32768K
}
Event: 42.112 GC heap before
{Heap before GC invocations=180 (full 2):
 def new generation   total 10112K, used 9090K [0xe4a00000, 0xe54e0000, 0xe9f40000)
  eden space 9088K, 100% used [0xe4a00000, 0xe52e0000, 0xe52e0000)
  from space 1024K,   0% used [0xe52e0000, 0xe52e0950, 0xe53e0000)
  to   space 1024K,   0% used [0xe53e0000, 0xe53e0000, 0xe54e0000)
 tenured generation   total 22160K, used 15238K [0xe9f40000, 0xeb4e4000, 0xf4a00000)
   the space 22160K,  68% used [0xe9f40000, 0xeae21878, 0xeae21a00, 0xeb4e4000)
 Metaspace       used 21604K, committed 24000K, reserved 32768K
}
Event: 42.114 GC heap after
{Heap after GC invocations=181 (full 2):
 def new generation   total 10112K, used 2K [0xe4a00000, 0xe54e0000, 0xe9f40000)
  eden space 9088K,   0% used [0xe4a00000, 0xe4a00000, 0xe52e0000)
  from space 1024K,   0% used [0xe53e0000, 0xe53e08a8, 0xe54e0000)
  to   space 1024K,   0% used [0xe52e0000, 0xe52e0000, 0xe53e0000)
 tenured generation   total 22160K, used 15238K [0xe9f40000, 0xeb4e4000, 0xf4a00000)
   the space 22160K,  68% used [0xe9f40000, 0xeae21878, 0xeae21a00, 0xeb4e4000)
 Metaspace       used 21604K, committed 24000K, reserved 32768K
}
Event: 42.589 GC heap before
{Heap before GC invocations=181 (full 2):
 def new generation   total 10112K, used 9090K [0xe4a00000, 0xe54e0000, 0xe9f40000)
  eden space 9088K, 100% used [0xe4a00000, 0xe52e0000, 0xe52e0000)
  from space 1024K,   0% used [0xe53e0000, 0xe53e08a8, 0xe54e0000)
  to   space 1024K,   0% used [0xe52e0000, 0xe52e0000, 0xe53e0000)
 tenured generation   total 22160K, used 15238K [0xe9f40000, 0xeb4e4000, 0xf4a00000)
   the space 22160K,  68% used [0xe9f40000, 0xeae21878, 0xeae21a00, 0xeb4e4000)
 Metaspace       used 21604K, committed 24000K, reserved 32768K
}
Event: 42.591 GC heap after
{Heap after GC invocations=182 (full 2):
 def new generation   total 10112K, used 2K [0xe4a00000, 0xe54e0000, 0xe9f40000)
  eden space 9088K,   0% used [0xe4a00000, 0xe4a00000, 0xe52e0000)
  from space 1024K,   0% used [0xe52e0000, 0xe52e0890, 0xe53e0000)
  to   space 1024K,   0% used [0xe53e0000, 0xe53e0000, 0xe54e0000)
 tenured generation   total 22160K, used 15238K [0xe9f40000, 0xeb4e4000, 0xf4a00000)
   the space 22160K,  68% used [0xe9f40000, 0xeae21878, 0xeae21a00, 0xeb4e4000)
 Metaspace       used 21604K, committed 24000K, reserved 32768K
}
Event: 43.068 GC heap before
{Heap before GC invocations=182 (full 2):
 def new generation   total 10112K, used 9090K [0xe4a00000, 0xe54e0000, 0xe9f40000)
  eden space 9088K, 100% used [0xe4a00000, 0xe52e0000, 0xe52e0000)
  from space 1024K,   0% used [0xe52e0000, 0xe52e0890, 0xe53e0000)
  to   space 1024K,   0% used [0xe53e0000, 0xe53e0000, 0xe54e0000)
 tenured generation   total 22160K, used 15238K [0xe9f40000, 0xeb4e4000, 0xf4a00000)
   the space 22160K,  68% used [0xe9f40000, 0xeae21878, 0xeae21a00, 0xeb4e4000)
 Metaspace       used 21604K, committed 24000K, reserved 32768K
}
Event: 43.070 GC heap after
{Heap after GC invocations=183 (full 2):
 def new generation   total 10112K, used 2K [0xe4a00000, 0xe54e0000, 0xe9f40000)
  eden space 9088K,   0% used [0xe4a00000, 0xe4a00000, 0xe52e0000)
  from space 1024K,   0% used [0xe53e0000, 0xe53e08a8, 0xe54e0000)
  to   space 1024K,   0% used [0xe52e0000, 0xe52e0000, 0xe53e0000)
 tenured generation   total 22160K, used 15238K [0xe9f40000, 0xeb4e4000, 0xf4a00000)
   the space 22160K,  68% used [0xe9f40000, 0xeae21878, 0xeae21a00, 0xeb4e4000)
 Metaspace       used 21604K, committed 24000K, reserved 32768K
}
Event: 43.547 GC heap before
{Heap before GC invocations=183 (full 2):
 def new generation   total 10112K, used 9090K [0xe4a00000, 0xe54e0000, 0xe9f40000)
  eden space 9088K, 100% used [0xe4a00000, 0xe52e0000, 0xe52e0000)
  from space 1024K,   0% used [0xe53e0000, 0xe53e08a8, 0xe54e0000)
  to   space 1024K,   0% used [0xe52e0000, 0xe52e0000, 0xe53e0000)
 tenured generation   total 22160K, used 15238K [0xe9f40000, 0xeb4e4000, 0xf4a00000)
   the space 22160K,  68% used [0xe9f40000, 0xeae21878, 0xeae21a00, 0xeb4e4000)
 Metaspace       used 21604K, committed 24000K, reserved 32768K
}
Event: 43.549 GC heap after
{Heap after GC invocations=184 (full 2):
 def new generation   total 10112K, used 2K [0xe4a00000, 0xe54e0000, 0xe9f40000)
  eden space 9088K,   0% used [0xe4a00000, 0xe4a00000, 0xe52e0000)
  from space 1024K,   0% used [0xe52e0000, 0xe52e0958, 0xe53e0000)
  to   space 1024K,   0% used [0xe53e0000, 0xe53e0000, 0xe54e0000)
 tenured generation   total 22160K, used 15238K [0xe9f40000, 0xeb4e4000, 0xf4a00000)
   the space 22160K,  68% used [0xe9f40000, 0xeae21878, 0xeae21a00, 0xeb4e4000)
 Metaspace       used 21604K, committed 24000K, reserved 32768K
}
Event: 44.027 GC heap before
{Heap before GC invocations=184 (full 2):
 def new generation   total 10112K, used 9090K [0xe4a00000, 0xe54e0000, 0xe9f40000)
  eden space 9088K, 100% used [0xe4a00000, 0xe52e0000, 0xe52e0000)
  from space 1024K,   0% used [0xe52e0000, 0xe52e0958, 0xe53e0000)
  to   space 1024K,   0% used [0xe53e0000, 0xe53e0000, 0xe54e0000)
 tenured generation   total 22160K, used 15238K [0xe9f40000, 0xeb4e4000, 0xf4a00000)
   the space 22160K,  68% used [0xe9f40000, 0xeae21878, 0xeae21a00, 0xeb4e4000)
 Metaspace       used 21604K, committed 24000K, reserved 32768K
}
Event: 44.030 GC heap after
{Heap after GC invocations=185 (full 2):
 def new generation   total 10112K, used 2K [0xe4a00000, 0xe54e0000, 0xe9f40000)
  eden space 9088K,   0% used [0xe4a00000, 0xe4a00000, 0xe52e0000)
  from space 1024K,   0% used [0xe53e0000, 0xe53e0918, 0xe54e0000)
  to   space 1024K,   0% used [0xe52e0000, 0xe52e0000, 0xe53e0000)
 tenured generation   total 22160K, used 15238K [0xe9f40000, 0xeb4e4000, 0xf4a00000)
   the space 22160K,  68% used [0xe9f40000, 0xeae21878, 0xeae21a00, 0xeb4e4000)
 Metaspace       used 21604K, committed 24000K, reserved 32768K
}
Event: 44.506 GC heap before
{Heap before GC invocations=185 (full 2):
 def new generation   total 10112K, used 9090K [0xe4a00000, 0xe54e0000, 0xe9f40000)
  eden space 9088K, 100% used [0xe4a00000, 0xe52e0000, 0xe52e0000)
  from space 1024K,   0% used [0xe53e0000, 0xe53e0918, 0xe54e0000)
  to   space 1024K,   0% used [0xe52e0000, 0xe52e0000, 0xe53e0000)
 tenured generation   total 22160K, used 15238K [0xe9f40000, 0xeb4e4000, 0xf4a00000)
   the space 22160K,  68% used [0xe9f40000, 0xeae21878, 0xeae21a00, 0xeb4e4000)
 Metaspace       used 21604K, committed 24000K, reserved 32768K
}
Event: 44.508 GC heap after
{Heap after GC invocations=186 (full 2):
 def new generation   total 10112K, used 2K [0xe4a00000, 0xe54e0000, 0xe9f40000)
  eden space 9088K,   0% used [0xe4a00000, 0xe4a00000, 0xe52e0000)
  from space 1024K,   0% used [0xe52e0000, 0xe52e0940, 0xe53e0000)
  to   space 1024K,   0% used [0xe53e0000, 0xe53e0000, 0xe54e0000)
 tenured generation   total 22160K, used 15238K [0xe9f40000, 0xeb4e4000, 0xf4a00000)
   the space 22160K,  68% used [0xe9f40000, 0xeae21890, 0xeae21a00, 0xeb4e4000)
 Metaspace       used 21604K, committed 24000K, reserved 32768K
}
Event: 44.990 GC heap before
{Heap before GC invocations=186 (full 2):
 def new generation   total 10112K, used 9090K [0xe4a00000, 0xe54e0000, 0xe9f40000)
  eden space 9088K,  99% used [0xe4a00000, 0xe52dfff8, 0xe52e0000)
  from space 1024K,   0% used [0xe52e0000, 0xe52e0940, 0xe53e0000)
  to   space 1024K,   0% used [0xe53e0000, 0xe53e0000, 0xe54e0000)
 tenured generation   total 22160K, used 15238K [0xe9f40000, 0xeb4e4000, 0xf4a00000)
   the space 22160K,  68% used [0xe9f40000, 0xeae21890, 0xeae21a00, 0xeb4e4000)
 Metaspace       used 21604K, committed 24000K, reserved 32768K
}
Event: 44.992 GC heap after
{Heap after GC invocations=187 (full 2):
 def new generation   total 10112K, used 2K [0xe4a00000, 0xe54e0000, 0xe9f40000)
  eden space 9088K,   0% used [0xe4a00000, 0xe4a00000, 0xe52e0000)
  from space 1024K,   0% used [0xe53e0000, 0xe53e09a0, 0xe54e0000)
  to   space 1024K,   0% used [0xe52e0000, 0xe52e0000, 0xe53e0000)
 tenured generation   total 22160K, used 15238K [0xe9f40000, 0xeb4e4000, 0xf4a00000)
   the space 22160K,  68% used [0xe9f40000, 0xeae21890, 0xeae21a00, 0xeb4e4000)
 Metaspace       used 21604K, committed 24000K, reserved 32768K
}
Event: 45.471 GC heap before
{Heap before GC invocations=187 (full 2):
 def new generation   total 10112K, used 9090K [0xe4a00000, 0xe54e0000, 0xe9f40000)
  eden space 9088K,  99% used [0xe4a00000, 0xe52dfff8, 0xe52e0000)
  from space 1024K,   0% used [0xe53e0000, 0xe53e09a0, 0xe54e0000)
  to   space 1024K,   0% used [0xe52e0000, 0xe52e0000, 0xe53e0000)
 tenured generation   total 22160K, used 15238K [0xe9f40000, 0xeb4e4000, 0xf4a00000)
   the space 22160K,  68% used [0xe9f40000, 0xeae21890, 0xeae21a00, 0xeb4e4000)
 Metaspace       used 21604K, committed 24000K, reserved 32768K
}
Event: 45.473 GC heap after
{Heap after GC invocations=188 (full 2):
 def new generation   total 10112K, used 2K [0xe4a00000, 0xe54e0000, 0xe9f40000)
  eden space 9088K,   0% used [0xe4a00000, 0xe4a00000, 0xe52e0000)
  from space 1024K,   0% used [0xe52e0000, 0xe52e09a0, 0xe53e0000)
  to   space 1024K,   0% used [0xe53e0000, 0xe53e0000, 0xe54e0000)
 tenured generation   total 22160K, used 15238K [0xe9f40000, 0xeb4e4000, 0xf4a00000)
   the space 22160K,  68% used [0xe9f40000, 0xeae21890, 0xeae21a00, 0xeb4e4000)
 Metaspace       used 21604K, committed 24000K, reserved 32768K
}
Event: 45.951 GC heap before
{Heap before GC invocations=188 (full 2):
 def new generation   total 10112K, used 9090K [0xe4a00000, 0xe54e0000, 0xe9f40000)
  eden space 9088K, 100% used [0xe4a00000, 0xe52e0000, 0xe52e0000)
  from space 1024K,   0% used [0xe52e0000, 0xe52e09a0, 0xe53e0000)
  to   space 1024K,   0% used [0xe53e0000, 0xe53e0000, 0xe54e0000)
 tenured generation   total 22160K, used 15238K [0xe9f40000, 0xeb4e4000, 0xf4a00000)
   the space 22160K,  68% used [0xe9f40000, 0xeae21890, 0xeae21a00, 0xeb4e4000)
 Metaspace       used 21604K, committed 24000K, reserved 32768K
}
Event: 45.953 GC heap after
{Heap after GC invocations=189 (full 2):
 def new generation   total 10112K, used 2K [0xe4a00000, 0xe54e0000, 0xe9f40000)
  eden space 9088K,   0% used [0xe4a00000, 0xe4a00000, 0xe52e0000)
  from space 1024K,   0% used [0xe53e0000, 0xe53e0828, 0xe54e0000)
  to   space 1024K,   0% used [0xe52e0000, 0xe52e0000, 0xe53e0000)
 tenured generation   total 22160K, used 15238K [0xe9f40000, 0xeb4e4000, 0xf4a00000)
   the space 22160K,  68% used [0xe9f40000, 0xeae21890, 0xeae21a00, 0xeb4e4000)
 Metaspace       used 21604K, committed 24000K, reserved 32768K
}

Dll operation events (8 events):
Event: 0.004 Loaded shared library /usr/lib/jvm/java-17-openjdk-armhf/lib/libjava.so
Event: 0.190 Loaded shared library /usr/lib/jvm/java-17-openjdk-armhf/lib/libnio.so
Event: 0.211 Loaded shared library /usr/lib/jvm/java-17-openjdk-armhf/lib/libzip.so
Event: 0.579 Loaded shared library /usr/lib/jvm/java-17-openjdk-armhf/lib/libjimage.so
Event: 0.583 Loaded shared library /usr/lib/jvm/java-17-openjdk-armhf/lib/libnet.so
Event: 7.435 Loaded shared library /usr/lib/jvm/java-17-openjdk-armhf/lib/libverify.so
Event: 19.936 Loaded shared library /tmp/libpi4j-pigpio7268562854081198150.so
Event: 20.078 Loaded shared library /tmp/libpi4j-linuxfs12382326786056858154.so

Deoptimization events (4 events):
Event: 20.148 Thread 0xe22c7d60 DEOPT PACKING pc=0xf4e7c678 sp=0xe0b2f718
Event: 20.148 Thread 0xe22c7d60 DEOPT UNPACKING pc=0xf4ace688 sp=0xe0b2f63c mode 3
Event: 20.149 Thread 0xe470e848 DEOPT PACKING pc=0xf4dbdc80 sp=0xe0a3f988
Event: 20.149 Thread 0xe470e848 DEOPT UNPACKING pc=0xf4ace688 sp=0xe0a3f8bc mode 3

Classes loaded (20 events):
Event: 20.143 Loading class java/util/concurrent/ForkJoinPool$DefaultCommonPoolForkJoinWorkerThreadFactory
Event: 20.143 Loading class java/util/concurrent/ForkJoinPool$DefaultCommonPoolForkJoinWorkerThreadFactory done
Event: 20.144 Loading class java/util/concurrent/ForkJoinPool$WorkQueue
Event: 20.144 Loading class java/util/concurrent/ForkJoinPool$WorkQueue done
Event: 20.144 Loading class java/util/concurrent/ForkJoinWorkerThread
Event: 20.145 Loading class java/util/concurrent/ForkJoinWorkerThread done
Event: 20.146 Loading class java/util/concurrent/atomic/Striped64$1
Event: 20.146 Loading class java/util/concurrent/atomic/Striped64$1 done
Event: 20.148 Loading class java/util/concurrent/locks/AbstractQueuedSynchronizer$ExclusiveNode
Event: 20.148 Loading class java/util/concurrent/locks/AbstractQueuedSynchronizer$ExclusiveNode done
Event: 46.084 Loading class jdk/internal/misc/Signal$1
Event: 46.085 Loading class jdk/internal/misc/Signal$1 done
Event: 46.086 Loading class java/util/IdentityHashMap$KeyIterator
Event: 46.086 Loading class java/util/IdentityHashMap$IdentityHashMapIterator
Event: 46.086 Loading class java/util/IdentityHashMap$IdentityHashMapIterator done
Event: 46.087 Loading class java/util/IdentityHashMap$KeyIterator done
Event: 46.094 Loading class java/io/RandomAccessFile$1
Event: 46.094 Loading class java/io/RandomAccessFile$1 done
Event: 46.094 Loading class java/util/HashMap$ValueSpliterator
Event: 46.095 Loading class java/util/HashMap$ValueSpliterator done

Classes unloaded (20 events):
Event: 17.269 Thread 0xf6c6cc68 Unloading class 0xe3c67420 'nodes/line_follow$eval224'
Event: 17.269 Thread 0xf6c6cc68 Unloading class 0xe3c64380 'robot/main$eval218'
Event: 17.269 Thread 0xf6c6cc68 Unloading class 0xe3c61380 'user$eval212'
Event: 17.269 Thread 0xf6c6cc68 Unloading class 0xe3c1f328 'clojure/run/exec$eval146'
Event: 17.269 Thread 0xf6c6cc68 Unloading class 0xe3c1ea60 'clojure/run/exec$eval142'
Event: 17.269 Thread 0xf6c6cc68 Unloading class 0xe3c1e3f0 'clojure/run/exec$eval142$fn__143'
Event: 17.269 Thread 0xf6c6cc68 Unloading class 0xe3c1cc30 'clojure/run/exec$eval138'
Event: 17.269 Thread 0xf6c6cc68 Unloading class 0xe3c1c6b8 'clojure/run/exec$eval138$loading__6789__auto____139'
Event: 17.269 Thread 0xf6c6cc68 Unloading class 0xe3c17388 'user$eval136'
Event: 17.269 Thread 0xf6c6cc68 Unloading class 0xe3c16300 'clojure/core/specs/alpha$eval134'
Event: 17.269 Thread 0xf6c6cc68 Unloading class 0xe3c15310 'clojure/core/specs/alpha$eval132'
Event: 17.269 Thread 0xf6c6cc68 Unloading class 0xe3b7dbb0 'clojure/core/specs/alpha$eval9'
Event: 17.269 Thread 0xf6c6cc68 Unloading class 0xe3b7d490 'clojure/core/specs/alpha$eval9$fn__10'
Event: 17.269 Thread 0xf6c6cc68 Unloading class 0xe3b7ca58 'clojure/core/specs/alpha$eval5'
Event: 17.269 Thread 0xf6c6cc68 Unloading class 0xe3b7c4e8 'clojure/core/specs/alpha$eval5$loading__6789__auto____6'
Event: 17.269 Thread 0xf6c6cc68 Unloading class 0xe3b6beb0 'java/lang/invoke/LambdaForm$MH+0xe3b6beb0'
Event: 17.269 Thread 0xf6c6cc68 Unloading class 0xe3b6a680 'java/lang/invoke/LambdaForm$MH+0xe3b6a680'
Event: 17.269 Thread 0xf6c6cc68 Unloading class 0xe3b62aa8 'java/lang/invoke/LambdaForm$MH+0xe3b62aa8'
Event: 17.269 Thread 0xf6c6cc68 Unloading class 0xe3b70038 'clojure/core/specs/alpha$eval3'
Event: 17.269 Thread 0xf6c6cc68 Unloading class 0xe3b60430 'user$eval1'

Classes redefined (0 events):
No events

Internal exceptions (20 events):
Event: 2.849 Thread 0xf6c14ec8 Exception <a 'java/lang/NoSuchMethodError'{0xe4a77348}: 'int java.lang.invoke.DirectMethodHandle$Holder.invokeSpecial(java.lang.Object, java.lang.Object, java.lang.Object)'> (0xe4a77348) 
thrown [src/hotspot/share/interpreter/linkResolver.cpp, line 758]
Event: 2.866 Thread 0xf6c14ec8 Exception <a 'java/lang/NoSuchMethodError'{0xe4a919e8}: 'java.lang.Object java.lang.invoke.DirectMethodHandle$Holder.invokeStatic(java.lang.Object, java.lang.Object, int)'> (0xe4a919e8) 
thrown [src/hotspot/share/interpreter/linkResolver.cpp, line 758]
Event: 2.868 Thread 0xf6c14ec8 Exception <a 'java/lang/NoSuchMethodError'{0xe4a96590}: 'void java.lang.invoke.DirectMethodHandle$Holder.invokeStatic(java.lang.Object, java.lang.Object, int, java.lang.Object)'> (0xe4a96590) 
thrown [src/hotspot/share/interpreter/linkResolver.cpp, line 758]
Event: 2.871 Thread 0xf6c14ec8 Exception <a 'java/lang/NoSuchMethodError'{0xe4a9df78}: 'void java.lang.invoke.DelegatingMethodHandle$Holder.delegate(java.lang.Object, java.lang.Object, int, java.lang.Object)'> (0xe4a9df78) 
thrown [src/hotspot/share/interpreter/linkResolver.cpp, line 758]
Event: 2.882 Thread 0xf6c14ec8 Exception <a 'java/lang/NoSuchMethodError'{0xe4ab4130}: 'int java.lang.invoke.DirectMethodHandle$Holder.invokeStatic(java.lang.Object, java.lang.Object, int)'> (0xe4ab4130) 
thrown [src/hotspot/share/interpreter/linkResolver.cpp, line 758]
Event: 2.883 Thread 0xf6c14ec8 Exception <a 'java/lang/NoSuchMethodError'{0xe4ab7fb8}: 'int java.lang.invoke.DirectMethodHandle$Holder.invokeSpecial(java.lang.Object, java.lang.Object, java.lang.Object, int)'> (0xe4ab7fb8) 
thrown [src/hotspot/share/interpreter/linkResolver.cpp, line 758]
Event: 2.889 Thread 0xf6c14ec8 Exception <a 'java/lang/NoSuchMethodError'{0xe4acc928}: 'java.lang.Object java.lang.invoke.DirectMethodHandle$Holder.invokeStatic(java.lang.Object, java.lang.Object, java.lang.Object, java.lang.Object, int)'> (0xe4acc928) 
thrown [src/hotspot/share/interpreter/linkResolver.cpp, line 758]
Event: 3.552 Thread 0xf6c14ec8 Exception <a 'java/lang/NoSuchMethodError'{0xe4d86038}: 'java.lang.Object java.lang.invoke.DirectMethodHandle$Holder.invokeInterface(java.lang.Object, java.lang.Object)'> (0xe4d86038) 
thrown [src/hotspot/share/interpreter/linkResolver.cpp, line 758]
Event: 3.553 Thread 0xf6c14ec8 Exception <a 'java/lang/IncompatibleClassChangeError'{0xe4d89938}: Found class java.lang.Object, but interface was expected> (0xe4d89938) 
thrown [src/hotspot/share/interpreter/linkResolver.cpp, line 826]
Event: 12.058 Thread 0xf6c14ec8 Exception <a 'java/lang/NoSuchMethodError'{0xe4f2a800}: 'int java.lang.invoke.Invokers$Holder.invoke_MT(java.lang.Object, java.lang.Object, java.lang.Object, java.lang.Object)'> (0xe4f2a800) 
thrown [src/hotspot/share/interpreter/linkResolver.cpp, line 758]
Event: 12.060 Thread 0xf6c14ec8 Exception <a 'java/lang/NoSuchMethodError'{0xe4f2fb00}: 'java.lang.Object java.lang.invoke.Invokers$Holder.invokeExact_MT(java.lang.Object, java.lang.Object, java.lang.Object)'> (0xe4f2fb00) 
thrown [src/hotspot/share/interpreter/linkResolver.cpp, line 758]
Event: 19.765 Thread 0xf6c14ec8 Exception <a 'java/lang/NoSuchMethodError'{0xe4d2d950}: 'void java.lang.invoke.DirectMethodHandle$Holder.invokeSpecial(java.lang.Object, java.lang.Object, java.lang.Object, java.lang.Object, java.lang.Object)'> (0xe4d2d950) 
thrown [src/hotspot/share/interpreter/linkResolver.cpp, line 758]
Event: 19.808 Thread 0xf6c14ec8 Exception <a 'java/lang/NoSuchMethodError'{0xe4e0de98}: 'void java.lang.invoke.DirectMethodHandle$Holder.invokeStatic(java.lang.Object, java.lang.Object, java.lang.Object)'> (0xe4e0de98) 
thrown [src/hotspot/share/interpreter/linkResolver.cpp, line 758]
Event: 20.037 Thread 0xf6c14ec8 Exception <a 'java/lang/NoSuchMethodError'{0xe511ada8}: 'void java.lang.invoke.DirectMethodHandle$Holder.invokeSpecial(java.lang.Object, java.lang.Object, java.lang.Object)'> (0xe511ada8) 
thrown [src/hotspot/share/interpreter/linkResolver.cpp, line 758]
Event: 20.084 Thread 0xf6c14ec8 Exception <a 'java/lang/NoSuchMethodError'{0xe51cb340}: 'int java.lang.invoke.DirectMethodHandle$Holder.invokeVirtual(java.lang.Object, java.lang.Object)'> (0xe51cb340) 
thrown [src/hotspot/share/interpreter/linkResolver.cpp, line 758]
Event: 20.098 Thread 0xf6c14ec8 Exception <a 'java/lang/NoSuchMethodError'{0xe51f53a0}: 'java.lang.Object java.lang.invoke.DirectMethodHandle$Holder.newInvokeSpecial(java.lang.Object, java.lang.Object, int, int)'> (0xe51f53a0) 
thrown [src/hotspot/share/interpreter/linkResolver.cpp, line 758]
Event: 20.099 Thread 0xf6c14ec8 Exception <a 'java/lang/NoSuchMethodError'{0xe51f9438}: 'java.lang.Object java.lang.invoke.DirectMethodHandle$Holder.invokeSpecial(java.lang.Object, java.lang.Object, java.lang.Object, int, int)'> (0xe51f9438) 
thrown [src/hotspot/share/interpreter/linkResolver.cpp, line 758]
Event: 46.088 Thread 0xe4301810 Exception <a 'java/lang/NoSuchMethodError'{0xe4cb7390}: 'void java.lang.invoke.DirectMethodHandle$Holder.invokeInterface(java.lang.Object, java.lang.Object, java.lang.Object)'> (0xe4cb7390) 
thrown [src/hotspot/share/interpreter/linkResolver.cpp, line 758]
Event: 46.089 Thread 0xe4301810 Exception <a 'java/lang/IncompatibleClassChangeError'{0xe4cba5b0}: Found class java.lang.Object, but interface was expected> (0xe4cba5b0) 
thrown [src/hotspot/share/interpreter/linkResolver.cpp, line 826]
Event: 46.101 Thread 0xe4301810 Exception <a 'java/lang/NoSuchMethodError'{0xe4cf88b0}: 'void java.lang.invoke.DirectMethodHandle$Holder.invokeStatic(java.lang.Object, java.lang.Object, java.lang.Object, java.lang.Object)'> (0xe4cf88b0) 
thrown [src/hotspot/share/interpreter/linkResolver.cpp, line 758]

VM Operations (20 events):
Event: 41.635 Executing VM operation: GenCollectForAllocation
Event: 41.638 Executing VM operation: GenCollectForAllocation done
Event: 42.111 Executing VM operation: GenCollectForAllocation
Event: 42.114 Executing VM operation: GenCollectForAllocation done
Event: 42.588 Executing VM operation: GenCollectForAllocation
Event: 42.591 Executing VM operation: GenCollectForAllocation done
Event: 43.068 Executing VM operation: GenCollectForAllocation
Event: 43.070 Executing VM operation: GenCollectForAllocation done
Event: 43.547 Executing VM operation: GenCollectForAllocation
Event: 43.549 Executing VM operation: GenCollectForAllocation done
Event: 44.027 Executing VM operation: GenCollectForAllocation
Event: 44.030 Executing VM operation: GenCollectForAllocation done
Event: 44.506 Executing VM operation: GenCollectForAllocation
Event: 44.508 Executing VM operation: GenCollectForAllocation done
Event: 44.990 Executing VM operation: GenCollectForAllocation
Event: 44.992 Executing VM operation: GenCollectForAllocation done
Event: 45.471 Executing VM operation: GenCollectForAllocation
Event: 45.473 Executing VM operation: GenCollectForAllocation done
Event: 45.951 Executing VM operation: GenCollectForAllocation
Event: 45.953 Executing VM operation: GenCollectForAllocation done

Memory protections (20 events):
Event: 0.003 Protecting memory [0xf6dac000,0xf6daf000] with protection modes 0
Event: 0.073 Protecting memory [0xe46b0000,0xe46b3000] with protection modes 0
Event: 0.075 Protecting memory [0xe4660000,0xe4663000] with protection modes 0
Event: 0.101 Protecting memory [0xe4610000,0xe4613000] with protection modes 0
Event: 0.101 Protecting memory [0xe40b0000,0xe40b3000] with protection modes 0
Event: 0.101 Protecting memory [0xe4060000,0xe4063000] with protection modes 0
Event: 0.101 Protecting memory [0xe2d06000,0xe2d09000] with protection modes 0
Event: 0.102 Protecting memory [0xe4010000,0xe4013000] with protection modes 0
Event: 0.170 Protecting memory [0xe29b0000,0xe29b3000] with protection modes 0
Event: 0.182 Protecting memory [0xe28df000,0xe28e2000] with protection modes 0
Event: 18.370 Protecting memory [0xe288f000,0xe2892000] with protection modes 0
Event: 20.111 Protecting memory [0xe0ae1000,0xe0ae4000] with protection modes 0
Event: 20.112 Protecting memory [0xe0a91000,0xe0a94000] with protection modes 0
Event: 20.116 Protecting memory [0xe0a41000,0xe0a44000] with protection modes 0
Event: 20.123 Protecting memory [0xe09f1000,0xe09f4000] with protection modes 0
Event: 20.124 Protecting memory [0xe09a1000,0xe09a4000] with protection modes 0
Event: 41.513 Protecting memory [0xe0951000,0xe0954000] with protection modes 0
Event: 46.086 Protecting memory [0xe0901000,0xe0904000] with protection modes 0
Event: 46.087 Protecting memory [0xe08b1000,0xe08b4000] with protection modes 0
Event: 46.095 Protecting memory [0xe0861000,0xe0864000] with protection modes 0

Nmethod flushes (0 events):
No events

Events (20 events):
Event: 0.073 Thread 0xf6c14ec8 Thread added: 0xf6c74770
Event: 0.074 Thread 0xf6c14ec8 Thread added: 0xf6c75908
Event: 0.101 Thread 0xf6c14ec8 Thread added: 0xf6c970e8
Event: 0.101 Thread 0xf6c14ec8 Thread added: 0xf6c98110
Event: 0.101 Thread 0xf6c14ec8 Thread added: 0xf6c99110
Event: 0.101 Thread 0xf6c14ec8 Thread added: 0xf6c9a180
Event: 0.102 Thread 0xf6c14ec8 Thread added: 0xf6c8d550
Event: 0.169 Thread 0xf6c14ec8 Thread added: 0xe2b0e9f8
Event: 0.182 Thread 0xf6c14ec8 Thread added: 0xe2b151f8
Event: 18.370 Thread 0xf6c14ec8 Thread added: 0xe26af348
Event: 20.110 Thread 0xf6c14ec8 Thread added: 0xe22c7d60
Event: 20.111 Thread 0xf6c14ec8 Thread added: 0xe22c85b0
Event: 20.116 Thread 0xf6c14ec8 Thread added: 0xe22c9920
Event: 20.122 Thread 0xe22c7d60 Thread added: 0xe470e848
Event: 20.124 Thread 0xf6c14ec8 Thread added: 0xe22ca858
Event: 41.513 Thread 0xe22c7d60 Thread added: 0xe47143d0
Event: 46.086 Thread 0xf6c970e8 Thread added: 0xe4400dd8
Event: 46.087 Thread 0xe4400dd8 Thread added: 0xe4301810
Event: 46.095 Thread 0xe4400dd8 Thread added: 0xe4302458
Event: 46.097 Thread 0xe4302458 Thread exited: 0xe4302458


Dynamic libraries:
00010000-00011000 r-xp 00000000 b3:02 258680                             /usr/lib/jvm/java-17-openjdk-armhf/bin/java
00020000-00021000 r--p 00000000 b3:02 258680                             /usr/lib/jvm/java-17-openjdk-armhf/bin/java
00021000-00022000 rw-p 00001000 b3:02 258680                             /usr/lib/jvm/java-17-openjdk-armhf/bin/java
01abc000-01edc000 rw-p 00000000 00:00 0                                  [heap]
e0861000-e0864000 ---p 00000000 00:00 0 
e0864000-e08b1000 rw-p 00000000 00:00 0 
e08b1000-e08b4000 ---p 00000000 00:00 0 
e08b4000-e0901000 rw-p 00000000 00:00 0 
e0901000-e0904000 ---p 00000000 00:00 0 
e0904000-e0951000 rw-p 00000000 00:00 0 
e0951000-e0954000 ---p 00000000 00:00 0 
e0954000-e09a1000 rw-p 00000000 00:00 0 
e09a1000-e09a4000 ---p 00000000 00:00 0 
e09a4000-e09f1000 rw-p 00000000 00:00 0 
e09f1000-e09f4000 ---p 00000000 00:00 0 
e09f4000-e0a41000 rw-p 00000000 00:00 0 
e0a41000-e0a44000 ---p 00000000 00:00 0 
e0a44000-e0a91000 rw-p 00000000 00:00 0 
e0a91000-e0a94000 ---p 00000000 00:00 0 
e0a94000-e0ae1000 rw-p 00000000 00:00 0 
e0ae1000-e0ae4000 ---p 00000000 00:00 0 
e0ae4000-e0b31000 rw-p 00000000 00:00 0 
e0b31000-e0b32000 ---p 00000000 00:00 0 
e0b32000-e0b72000 rw-p 00000000 00:00 0 
e1000000-e1790000 rw-p 00000000 00:00 0 
e1790000-e2000000 ---p 00000000 00:00 0 
e201c000-e2059000 r-xp 00000000 b3:02 7029                               /usr/lib/libpigpio.so.1
e2059000-e2069000 ---p 0003d000 b3:02 7029                               /usr/lib/libpigpio.so.1
e2069000-e206a000 r--p 0003d000 b3:02 7029                               /usr/lib/libpigpio.so.1
e206a000-e206c000 rw-p 0003e000 b3:02 7029                               /usr/lib/libpigpio.so.1
e206c000-e2100000 rw-p 00000000 00:00 0 
e2100000-e22cd000 rw-p 00000000 00:00 0 
e22cd000-e2300000 ---p 00000000 00:00 0 
e2300000-e2500000 rw-p 00000000 00:00 0 
e2500000-e2700000 rw-p 00000000 00:00 0 
e2700000-e27f8000 rw-p 00000000 00:00 0 
e27f8000-e2800000 ---p 00000000 00:00 0 
e2813000-e2814000 r-xp 00000000 b3:02 8301                               /tmp/libpi4j-linuxfs12382326786056858154.so (deleted)
e2814000-e2823000 ---p 00001000 b3:02 8301                               /tmp/libpi4j-linuxfs12382326786056858154.so (deleted)
e2823000-e2824000 r--p 00000000 b3:02 8301                               /tmp/libpi4j-linuxfs12382326786056858154.so (deleted)
e2824000-e2825000 rw-p 00001000 b3:02 8301                               /tmp/libpi4j-linuxfs12382326786056858154.so (deleted)
e288f000-e2892000 ---p 00000000 00:00 0 
e2892000-e28df000 rw-p 00000000 00:00 0 
e28df000-e28e2000 ---p 00000000 00:00 0 
e28e2000-e292f000 rw-p 00000000 00:00 0 
e292f000-e2930000 ---p 00000000 00:00 0 
e2930000-e29b0000 rw-p 00000000 00:00 0 
e29b0000-e29b3000 ---p 00000000 00:00 0 
e29b3000-e2a00000 rw-p 00000000 00:00 0 
e2a00000-e2a21000 rw-p 00000000 00:00 0 
e2a21000-e2b00000 ---p 00000000 00:00 0 
e2b00000-e2bff000 rw-p 00000000 00:00 0 
e2bff000-e2c00000 ---p 00000000 00:00 0 
e2c00000-e2c21000 rw-p 00000000 00:00 0 
e2c21000-e2d00000 ---p 00000000 00:00 0 
e2d06000-e2d09000 ---p 00000000 00:00 0 
e2d09000-e2d86000 rw-p 00000000 00:00 0 
e2d86000-e3000000 r--p 0006d000 b3:02 3698                               /usr/lib/locale/locale-archive
e3000000-e33f0000 rw-p 00000000 00:00 0 
e33f0000-e34d0000 rw-p 00000000 00:00 0 
e34d0000-e34f0000 rw-p 00000000 00:00 0 
e34f0000-e36f0000 rw-p 00000000 00:00 0 
e36f0000-e37f0000 rw-p 00000000 00:00 0 
e37f0000-e3bb0000 rw-p 00000000 00:00 0 
e3bb0000-e3cf0000 rw-p 00000000 00:00 0 
e3cf0000-e3de0000 rw-p 00000000 00:00 0 
e3de0000-e3e00000 ---p 00000000 00:00 0 
e3e00000-e4000000 rw-p 00000000 00:00 0 
e4010000-e4013000 ---p 00000000 00:00 0 
e4013000-e4060000 rw-p 00000000 00:00 0 
e4060000-e4063000 ---p 00000000 00:00 0 
e4063000-e40b0000 rw-p 00000000 00:00 0 
e40b0000-e40b3000 ---p 00000000 00:00 0 
e40b3000-e4100000 rw-p 00000000 00:00 0 
e4100000-e4300000 r--p 00000000 b3:02 3698                               /usr/lib/locale/locale-archive
e4300000-e4321000 rw-p 00000000 00:00 0 
e4321000-e4400000 ---p 00000000 00:00 0 
e4400000-e4421000 rw-p 00000000 00:00 0 
e4421000-e4500000 ---p 00000000 00:00 0 
e4500000-e4521000 rw-p 00000000 00:00 0 
e4521000-e4600000 ---p 00000000 00:00 0 
e4610000-e4613000 ---p 00000000 00:00 0 
e4613000-e4660000 rw-p 00000000 00:00 0 
e4660000-e4663000 ---p 00000000 00:00 0 
e4663000-e46b0000 rw-p 00000000 00:00 0 
e46b0000-e46b3000 ---p 00000000 00:00 0 
e46b3000-e4700000 rw-p 00000000 00:00 0 
e4700000-e472b000 rw-p 00000000 00:00 0 
e472b000-e4800000 ---p 00000000 00:00 0 
e480e000-e4817000 r-xp 00000000 b3:02 258828                             /usr/lib/jvm/java-17-openjdk-armhf/lib/libverify.so
e4817000-e4827000 ---p 00009000 b3:02 258828                             /usr/lib/jvm/java-17-openjdk-armhf/lib/libverify.so
e4827000-e4828000 r--p 00009000 b3:02 258828                             /usr/lib/jvm/java-17-openjdk-armhf/lib/libverify.so
e4828000-e4829000 rw-p 0000a000 b3:02 258828                             /usr/lib/jvm/java-17-openjdk-armhf/lib/libverify.so
e4829000-e483c000 r-xp 00000000 b3:02 258821                             /usr/lib/jvm/java-17-openjdk-armhf/lib/libnet.so
e483c000-e484b000 ---p 00013000 b3:02 258821                             /usr/lib/jvm/java-17-openjdk-armhf/lib/libnet.so
e484b000-e484c000 r--p 00012000 b3:02 258821                             /usr/lib/jvm/java-17-openjdk-armhf/lib/libnet.so
e484c000-e484d000 rw-p 00013000 b3:02 258821                             /usr/lib/jvm/java-17-openjdk-armhf/lib/libnet.so
e484d000-e484e000 ---p 00000000 00:00 0 
e484e000-e4934000 rw-p 00000000 00:00 0 
e4934000-e497f000 ---p 00000000 00:00 0 
e497f000-e4985000 rw-p 00000000 00:00 0 
e4985000-e49a9000 ---p 00000000 00:00 0 
e49a9000-e49b5000 rw-p 00000000 00:00 0 
e49b5000-e49ff000 ---p 00000000 00:00 0 
e49ff000-e54e0000 rw-p 00000000 00:00 0 
e54e0000-e9f40000 ---p 00000000 00:00 0 
e9f40000-eb4e4000 rw-p 00000000 00:00 0 
eb4e4000-f4a00000 ---p 00000000 00:00 0 
f4a00000-f4a01000 rw-s fe100000 00:05 4                                  /dev/mem
f4a01000-f4a07000 r-xp 00000000 b3:02 258829                             /usr/lib/jvm/java-17-openjdk-armhf/lib/libzip.so
f4a07000-f4a16000 ---p 00006000 b3:02 258829                             /usr/lib/jvm/java-17-openjdk-armhf/lib/libzip.so
f4a16000-f4a17000 r--p 00005000 b3:02 258829                             /usr/lib/jvm/java-17-openjdk-armhf/lib/libzip.so
f4a17000-f4a18000 rw-p 00006000 b3:02 258829                             /usr/lib/jvm/java-17-openjdk-armhf/lib/libzip.so
f4a18000-f4a2a000 rw-p 00000000 00:00 0 
f4a2a000-f4a98000 ---p 00000000 00:00 0 
f4a98000-f4ef0000 rwxp 00000000 00:00 0 
f4ef0000-f6a98000 ---p 00000000 00:00 0 
f6a98000-f6c00000 r--s 00000000 b3:02 258830                             /usr/lib/jvm/java-17-openjdk-armhf/lib/modules
f6c00000-f6d00000 rw-p 00000000 00:00 0 
f6d00000-f6d07000 r--s 00000000 b3:02 3572                               /usr/lib/arm-linux-gnueabihf/gconv/gconv-modules.cache
f6d07000-f6d16000 r-xp 00000000 b3:02 258822                             /usr/lib/jvm/java-17-openjdk-armhf/lib/libnio.so
f6d16000-f6d26000 ---p 0000f000 b3:02 258822                             /usr/lib/jvm/java-17-openjdk-armhf/lib/libnio.so
f6d26000-f6d27000 r--p 0000f000 b3:02 258822                             /usr/lib/jvm/java-17-openjdk-armhf/lib/libnio.so
f6d27000-f6d28000 rw-p 00010000 b3:02 258822                             /usr/lib/jvm/java-17-openjdk-armhf/lib/libnio.so
f6d28000-f6d49000 rw-p 00000000 00:00 0 
f6d49000-f6d63000 r-xp 00000000 b3:02 258809                             /usr/lib/jvm/java-17-openjdk-armhf/lib/libjava.so
f6d63000-f6d73000 ---p 0001a000 b3:02 258809                             /usr/lib/jvm/java-17-openjdk-armhf/lib/libjava.so
f6d73000-f6d74000 r--p 0001a000 b3:02 258809                             /usr/lib/jvm/java-17-openjdk-armhf/lib/libjava.so
f6d74000-f6d75000 rw-p 0001b000 b3:02 258809                             /usr/lib/jvm/java-17-openjdk-armhf/lib/libjava.so
f6d75000-f6d7f000 r-xp 00000000 b3:02 3245                               /usr/lib/arm-linux-gnueabihf/libnss_files-2.31.so
f6d7f000-f6d8e000 ---p 0000a000 b3:02 3245                               /usr/lib/arm-linux-gnueabihf/libnss_files-2.31.so
f6d8e000-f6d8f000 r--p 00009000 b3:02 3245                               /usr/lib/arm-linux-gnueabihf/libnss_files-2.31.so
f6d8f000-f6d90000 rw-p 0000a000 b3:02 3245                               /usr/lib/arm-linux-gnueabihf/libnss_files-2.31.so
f6d90000-f6d96000 rw-p 00000000 00:00 0 
f6d96000-f6d9b000 r-xp 00000000 b3:02 8251                               /tmp/libpi4j-pigpio7268562854081198150.so (deleted)
f6d9b000-f6daa000 ---p 00005000 b3:02 8251                               /tmp/libpi4j-pigpio7268562854081198150.so (deleted)
f6daa000-f6dab000 r--p 00004000 b3:02 8251                               /tmp/libpi4j-pigpio7268562854081198150.so (deleted)
f6dab000-f6dac000 rw-p 00005000 b3:02 8251                               /tmp/libpi4j-pigpio7268562854081198150.so (deleted)
f6dac000-f6daf000 ---p 00000000 00:00 0 
f6daf000-f6dfc000 rw-p 00000000 00:00 0 
f6dfc000-f6e18000 r-xp 00000000 b3:02 7443                               /usr/lib/arm-linux-gnueabihf/libgcc_s.so.1
f6e18000-f6e27000 ---p 0001c000 b3:02 7443                               /usr/lib/arm-linux-gnueabihf/libgcc_s.so.1
f6e27000-f6e28000 r--p 0001b000 b3:02 7443                               /usr/lib/arm-linux-gnueabihf/libgcc_s.so.1
f6e28000-f6e29000 rw-p 0001c000 b3:02 7443                               /usr/lib/arm-linux-gnueabihf/libgcc_s.so.1
f6e29000-f6e87000 r-xp 00000000 b3:02 3240                               /usr/lib/arm-linux-gnueabihf/libm-2.31.so
f6e87000-f6e96000 ---p 0005e000 b3:02 3240                               /usr/lib/arm-linux-gnueabihf/libm-2.31.so
f6e96000-f6e97000 r--p 0005d000 b3:02 3240                               /usr/lib/arm-linux-gnueabihf/libm-2.31.so
f6e97000-f6e98000 rw-p 0005e000 b3:02 3240                               /usr/lib/arm-linux-gnueabihf/libm-2.31.so
f6e98000-f7007000 r-xp 00000000 b3:02 7855                               /usr/lib/arm-linux-gnueabihf/libstdc++.so.6.0.28
f7007000-f7017000 ---p 0016f000 b3:02 7855                               /usr/lib/arm-linux-gnueabihf/libstdc++.so.6.0.28
f7017000-f701c000 r--p 0016f000 b3:02 7855                               /usr/lib/arm-linux-gnueabihf/libstdc++.so.6.0.28
f701c000-f701e000 rw-p 00174000 b3:02 7855                               /usr/lib/arm-linux-gnueabihf/libstdc++.so.6.0.28
f701e000-f7020000 rw-p 00000000 00:00 0 
f7020000-f7026000 r-xp 00000000 b3:02 3251                               /usr/lib/arm-linux-gnueabihf/librt-2.31.so
f7026000-f7036000 ---p 00006000 b3:02 3251                               /usr/lib/arm-linux-gnueabihf/librt-2.31.so
f7036000-f7037000 r--p 00006000 b3:02 3251                               /usr/lib/arm-linux-gnueabihf/librt-2.31.so
f7037000-f7038000 rw-p 00007000 b3:02 3251                               /usr/lib/arm-linux-gnueabihf/librt-2.31.so
f7038000-f77b6000 r-xp 00000000 b3:02 258790                             /usr/lib/jvm/java-17-openjdk-armhf/lib/client/libjvm.so
f77b6000-f77c5000 ---p 0077e000 b3:02 258790                             /usr/lib/jvm/java-17-openjdk-armhf/lib/client/libjvm.so
f77c5000-f77dc000 r--p 0077d000 b3:02 258790                             /usr/lib/jvm/java-17-openjdk-armhf/lib/client/libjvm.so
f77dc000-f77ec000 rw-p 00794000 b3:02 258790                             /usr/lib/jvm/java-17-openjdk-armhf/lib/client/libjvm.so
f77ec000-f7813000 rw-p 00000000 00:00 0 
f7813000-f7951000 r-xp 00000000 b3:02 3238                               /usr/lib/arm-linux-gnueabihf/libc-2.31.so
f7951000-f7960000 ---p 0013e000 b3:02 3238                               /usr/lib/arm-linux-gnueabihf/libc-2.31.so
f7960000-f7962000 r--p 0013d000 b3:02 3238                               /usr/lib/arm-linux-gnueabihf/libc-2.31.so
f7962000-f7963000 rw-p 0013f000 b3:02 3238                               /usr/lib/arm-linux-gnueabihf/libc-2.31.so
f7963000-f7966000 rw-p 00000000 00:00 0 
f7966000-f7969000 r-xp 00000000 b3:02 3239                               /usr/lib/arm-linux-gnueabihf/libdl-2.31.so
f7969000-f7978000 ---p 00003000 b3:02 3239                               /usr/lib/arm-linux-gnueabihf/libdl-2.31.so
f7978000-f7979000 r--p 00002000 b3:02 3239                               /usr/lib/arm-linux-gnueabihf/libdl-2.31.so
f7979000-f797a000 rw-p 00003000 b3:02 3239                               /usr/lib/arm-linux-gnueabihf/libdl-2.31.so
f797a000-f7992000 r-xp 00000000 b3:02 3248                               /usr/lib/arm-linux-gnueabihf/libpthread-2.31.so
f7992000-f79a2000 ---p 00018000 b3:02 3248                               /usr/lib/arm-linux-gnueabihf/libpthread-2.31.so
f79a2000-f79a3000 r--p 00018000 b3:02 3248                               /usr/lib/arm-linux-gnueabihf/libpthread-2.31.so
f79a3000-f79a4000 rw-p 00019000 b3:02 3248                               /usr/lib/arm-linux-gnueabihf/libpthread-2.31.so
f79a4000-f79a6000 rw-p 00000000 00:00 0 
f79a6000-f79b3000 r-xp 00000000 b3:02 258813                             /usr/lib/jvm/java-17-openjdk-armhf/lib/libjli.so
f79b3000-f79c2000 ---p 0000d000 b3:02 258813                             /usr/lib/jvm/java-17-openjdk-armhf/lib/libjli.so
f79c2000-f79c3000 r--p 0000c000 b3:02 258813                             /usr/lib/jvm/java-17-openjdk-armhf/lib/libjli.so
f79c3000-f79c4000 rw-p 0000d000 b3:02 258813                             /usr/lib/jvm/java-17-openjdk-armhf/lib/libjli.so
f79c4000-f79db000 r-xp 00000000 b3:02 7986                               /usr/lib/arm-linux-gnueabihf/libz.so.1.2.11
f79db000-f79ea000 ---p 00017000 b3:02 7986                               /usr/lib/arm-linux-gnueabihf/libz.so.1.2.11
f79ea000-f79eb000 r--p 00016000 b3:02 7986                               /usr/lib/arm-linux-gnueabihf/libz.so.1.2.11
f79eb000-f79ec000 rw-p 00017000 b3:02 7986                               /usr/lib/arm-linux-gnueabihf/libz.so.1.2.11
f79ec000-f79ed000 r--p 00000000 b3:02 154828                             /usr/share/locale/en_GB/LC_MESSAGES/libc.mo
f79ed000-f79f0000 r-xp 00000000 b3:02 258812                             /usr/lib/jvm/java-17-openjdk-armhf/lib/libjimage.so
f79f0000-f7a00000 ---p 00003000 b3:02 258812                             /usr/lib/jvm/java-17-openjdk-armhf/lib/libjimage.so
f7a00000-f7a01000 r--p 00003000 b3:02 258812                             /usr/lib/jvm/java-17-openjdk-armhf/lib/libjimage.so
f7a01000-f7a02000 rw-p 00004000 b3:02 258812                             /usr/lib/jvm/java-17-openjdk-armhf/lib/libjimage.so
f7a02000-f7a06000 r-xp 00000000 b3:02 7237                               /usr/lib/arm-linux-gnueabihf/libarmmem-v7l.so
f7a06000-f7a15000 ---p 00004000 b3:02 7237                               /usr/lib/arm-linux-gnueabihf/libarmmem-v7l.so
f7a15000-f7a16000 r--p 00003000 b3:02 7237                               /usr/lib/arm-linux-gnueabihf/libarmmem-v7l.so
f7a16000-f7a17000 rw-p 00004000 b3:02 7237                               /usr/lib/arm-linux-gnueabihf/libarmmem-v7l.so
f7a17000-f7a39000 r-xp 00000000 b3:02 3232                               /usr/lib/arm-linux-gnueabihf/ld-2.31.so
f7a39000-f7a41000 rw-s 00000000 b3:02 266659                             /tmp/hsperfdata_root/7576
f7a41000-f7a42000 ---p 00000000 00:00 0 
f7a42000-f7a43000 r--p 00000000 00:00 0 
f7a43000-f7a44000 ---p 00000000 00:00 0 
f7a44000-f7a48000 rw-p 00000000 00:00 0 
f7a48000-f7a49000 r-xp 00000000 00:00 0                                  [sigpage]
f7a49000-f7a4a000 r--p 00022000 b3:02 3232                               /usr/lib/arm-linux-gnueabihf/ld-2.31.so
f7a4a000-f7a4b000 rw-p 00023000 b3:02 3232                               /usr/lib/arm-linux-gnueabihf/ld-2.31.so
fff73000-fff94000 rw-p 00000000 00:00 0                                  [stack]
ffff0000-ffff1000 r-xp 00000000 00:00 0                                  [vectors]


VM Arguments:
jvm_args: -XX:-OmitStackTraceInFastThrow -Dclojure.basis=.cpcache/3529354271.basis 
java_command: clojure.main -m clojure.run.exec
java_class_path (initial): src:/root/.m2/repository/com/pi4j/pi4j-core/2.5.0/pi4j-core-2.5.0.jar:/root/.m2/repository/com/pi4j/pi4j-plugin-linuxfs/2.5.0/pi4j-plugin-linuxfs-2.5.0.jar:/root/.m2/repository/com/pi4j/pi4j-plugin-pigpio/2.5.0/pi4j-plugin-pigpio-2.5.0.jar:/root/.m2/repository/com/pi4j/pi4j-plugin-raspberrypi/2.5.0/pi4j-plugin-raspberrypi-2.5.0.jar:/root/.m2/repository/org/clojure/clojure/1.11.1/clojure-1.11.1.jar:/root/.m2/repository/org/clojure/core.async/1.8.741/core.async-1.8.741.jar:/root/.m2/repository/org/slf4j/slf4j-simple/2.0.9/slf4j-simple-2.0.9.jar:/root/.m2/repository/com/jcraft/jsch/0.1.55/jsch-0.1.55.jar:/root/.m2/repository/com/pi4j/pi4j-library-linuxfs/2.5.0/pi4j-library-linuxfs-2.5.0.jar:/root/.m2/repository/com/pi4j/pi4j-library-pigpio/2.5.0/pi4j-library-pigpio-2.5.0.jar:/root/.m2/repository/org/clojure/core.specs.alpha/0.2.62/core.specs.alpha-0.2.62.jar:/root/.m2/repository/org/clojure/spec.alpha/0.3.218/spec.alpha-0.3.218.jar:/root/.m2/repository/org/clojure/tools.analyzer.jvm/1.3.2/tools.analyzer.jvm-1.3.2.jar:/root/.m2/repository/org/slf4j/slf4j-api/2.0.9/slf4j-api-2.0.9.jar:/root/.m2/repository/org/clojure/core.memoize/1.1.266/core.memoize-1.1.266.jar:/root/.m2/repository/org/clojure/tools.analyzer/1.2.0/tools.analyzer-1.2.0.jar:/root/.m2/repository/org/clojure/tools.reader/1.5.0/tools.reader-1.5.0.jar:/root/.m2/repository/org/ow2/asm/asm/9.2/asm-9.2.jar:/root/.m2/repository/org/clojure/core.cache/1.1.234/core.cache-1.1.234.jar:/root/.m2/repository/org/clojure/data.priority-map/1.2.0/data.priority-map-1.2.0.jar:/usr/local/lib/clojure/libexec/exec.jar
Launcher Type: SUN_STANDARD

[Global flags]
     intx CICompilerCount                          = 1                                         {product} {ergonomic}
    uintx CodeCacheExpansionSize                   = 32768                                  {pd product} {ergonomic}
    uintx InitialCodeCacheSize                     = 163840                                 {pd product} {ergonomic}
   size_t InitialHeapSize                          = 16777216                                  {product} {ergonomic}
   size_t MaxHeapSize                              = 268435456                                 {product} {ergonomic}
   size_t MaxNewSize                               = 89391104                                  {product} {ergonomic}
   size_t MinHeapDeltaBytes                        = 131072                                    {product} {ergonomic}
   size_t MinHeapSize                              = 6291456                                   {product} {ergonomic}
     bool NeverActAsServerClassMachine             = true                                   {pd product} {ergonomic}
   size_t NewSize                                  = 5505024                                   {product} {ergonomic}
    uintx NonNMethodCodeHeapSize                   = 5242880                                {pd product} {ergonomic}
    uintx NonProfiledCodeHeapSize                  = 0                                      {pd product} {ergonomic}
   size_t OldSize                                  = 11272192                                  {product} {ergonomic}
     bool OmitStackTraceInFastThrow                = false                                     {product} {command line}
     bool ProfileInterpreter                       = false                                  {pd product} {ergonomic}
    uintx ProfiledCodeHeapSize                     = 0                                      {pd product} {ergonomic}
    uintx ReservedCodeCacheSize                    = 33554432                               {pd product} {ergonomic}
   size_t SoftMaxHeapSize                          = 268435456                              {manageable} {ergonomic}
     bool UseSerialGC                              = true                                      {product} {ergonomic}

Logging:
Log output configuration:
 #0: stdout all=warning uptime,level,tags
 #1: stderr all=off uptime,level,tags

Environment Variables:
PATH=/usr/local/sbin:/usr/local/bin:/usr/sbin:/usr/bin:/sbin:/bin
SHELL=/bin/bash
LANG=en_GB.UTF-8
TERM=xterm-256color

Active Locale:
LC_ALL=en_GB.UTF-8
LC_COLLATE=en_GB.UTF-8
LC_CTYPE=en_GB.UTF-8
LC_MESSAGES=en_GB.UTF-8
LC_MONETARY=en_GB.UTF-8
LC_NUMERIC=en_GB.UTF-8
LC_TIME=en_GB.UTF-8

Signal Handlers:
   SIGSEGV: crash_handler in libjvm.so, mask=11100100010111111101111111111110, flags=SA_RESTART|SA_SIGINFO, unblocked
    SIGBUS: crash_handler in libjvm.so, mask=11100100010111111101111111111110, flags=SA_RESTART|SA_SIGINFO, unblocked
    SIGFPE: crash_handler in libjvm.so, mask=11100100010111111101111111111110, flags=SA_RESTART|SA_SIGINFO, unblocked
   SIGPIPE: javaSignalHandler in libjvm.so, mask=11100100010111111101111111111110, flags=SA_RESTART|SA_SIGINFO, blocked
   SIGXFSZ: javaSignalHandler in libjvm.so, mask=11100100010111111101111111111110, flags=SA_RESTART|SA_SIGINFO, blocked
    SIGILL: crash_handler in libjvm.so, mask=11100100010111111101111111111110, flags=SA_RESTART|SA_SIGINFO, unblocked
   SIGUSR2: SR_handler in libjvm.so, mask=00000000000000000000000000000000, flags=SA_RESTART|SA_SIGINFO, blocked
    SIGHUP: UserHandler in libjvm.so, mask=11100100010111111101111111111110, flags=SA_RESTART|SA_SIGINFO, blocked
    SIGINT: UserHandler in libjvm.so, mask=11100100010111111101111111111110, flags=SA_RESTART|SA_SIGINFO, blocked
   SIGTERM: UserHandler in libjvm.so, mask=11100100010111111101111111111110, flags=SA_RESTART|SA_SIGINFO, blocked
   SIGQUIT: UserHandler in libjvm.so, mask=11100100010111111101111111111110, flags=SA_RESTART|SA_SIGINFO, blocked
   SIGTRAP: crash_handler in libjvm.so, mask=11100100010111111101111111111110, flags=SA_RESTART|SA_SIGINFO, unblocked


Periodic native trim disabled


---------------  S Y S T E M  ---------------

OS:
PRETTY_NAME="Raspbian GNU/Linux 11 (bullseye)"
NAME="Raspbian GNU/Linux"
VERSION_ID="11"
VERSION="11 (bullseye)"
VERSION_CODENAME=bullseye
ID=raspbian
ID_LIKE=debian
HOME_URL="http://www.raspbian.org/"
SUPPORT_URL="http://www.raspbian.org/RaspbianForums"
BUG_REPORT_URL="http://www.raspbian.org/RaspbianBugs"
uname: Linux 6.1.21-v8+ #1642 SMP PREEMPT Mon Apr  3 17:24:16 BST 2023 aarch64
OS uptime: 0 days 0:53 hours
libc: glibc 2.31 NPTL 2.31 
rlimit (soft/hard): STACK 8192k/infinity , CORE 0k/infinity , NPROC 12913/12913 , NOFILE 1048576/1048576 , AS infinity/infinity , CPU infinity/infinity , DATA infinity/infinity , FSIZE infinity/infinity , MEMLOCK 479287k/479287k
load average: 1.86 1.17 0.85

/proc/meminfo:
MemTotal:        3834296 kB
MemFree:         3282832 kB
MemAvailable:    3540236 kB
Buffers:           34736 kB
Cached:           261628 kB
SwapCached:            0 kB
Active:           363100 kB
Inactive:          93584 kB
Active(anon):     160276 kB
Inactive(anon):     1188 kB
Active(file):     202824 kB
Inactive(file):    92396 kB
Unevictable:          36 kB
Mlocked:              36 kB
SwapTotal:        102396 kB
SwapFree:         102396 kB
Zswap:                 0 kB
Zswapped:              0 kB
Dirty:               316 kB
Writeback:             0 kB
AnonPages:        160452 kB
Mapped:            90312 kB
Shmem:              1144 kB
KReclaimable:      37880 kB
Slab:              61584 kB
SReclaimable:      37880 kB
SUnreclaim:        23704 kB
KernelStack:        3192 kB
PageTables:         2924 kB
SecPageTables:         0 kB
NFS_Unstable:          0 kB
Bounce:                0 kB
WritebackTmp:          0 kB
CommitLimit:     2019544 kB
Committed_AS:     527592 kB
VmallocTotal:   259653632 kB
VmallocUsed:       10212 kB
VmallocChunk:          0 kB
Percpu:              656 kB
CmaTotal:         524288 kB
CmaFree:          514804 kB

/sys/kernel/mm/transparent_hugepage/enabled: <Not Available>
/sys/kernel/mm/transparent_hugepage/hpage_pmd_size: <Not Available>
/sys/kernel/mm/transparent_hugepage/defrag (defrag/compaction efforts parameter): <Not Available>

Process Memory:
Virtual Size: 380324K (peak: 3906820K)
Resident Set Size: 83232K (peak: 87212K) (anon: 71664K, file: 11568K, shmem: 0K)
Swapped out: 0K
C-Heap outstanding allocations: 13491K, retained: 3680K
glibc malloc tunables: (default)

/proc/sys/kernel/threads-max (system-wide limit on the number of threads): 25826
/proc/sys/vm/max_map_count (maximum number of memory map areas a process may have): 65530
/proc/sys/vm/swappiness (control to define how aggressively the kernel swaps out anonymous memory): 60
/proc/sys/kernel/pid_max (system-wide limit on number of process identifiers): 32768

/etc/ld.so.preload:
/usr/lib/arm-linux-gnueabihf/libarmmem-${PLATFORM}.so

container information not found.
Steal ticks since vm start: 0
Steal ticks percentage since vm start:  0.000

CPU: total 4 (initial active 4) (ARMv8), vfp, mp_ext
/proc/cpuinfo:
processor	: 0
BogoMIPS	: 108.00
Features	: fp asimd evtstrm crc32 cpuid
CPU implementer	: 0x41
CPU architecture: 8
CPU variant	: 0x0
CPU part	: 0xd08
CPU revision	: 3

processor	: 1
BogoMIPS	: 108.00
Features	: fp asimd evtstrm crc32 cpuid
CPU implementer	: 0x41
CPU architecture: 8
CPU variant	: 0x0
CPU part	: 0xd08
CPU revision	: 3

processor	: 2
BogoMIPS	: 108.00
Features	: fp asimd evtstrm crc32 cpuid
CPU implementer	: 0x41
CPU architecture: 8
CPU variant	: 0x0
CPU part	: 0xd08
CPU revision	: 3

processor	: 3
BogoMIPS	: 108.00
Features	: fp asimd evtstrm crc32 cpuid
CPU implementer	: 0x41
CPU architecture: 8
CPU variant	: 0x0
CPU part	: 0xd08
CPU revision	: 3

Hardware	: BCM2835
Revision	: c03115
Serial		: 10000000348496e5
Model		: Raspberry Pi 4 Model B Rev 1.5

Online cpus: 0-3
Offline cpus: 

Memory: 4k page, physical 3834296k(3282832k free), swap 102396k(102396k free)
Page Sizes: 4k

vm_info: OpenJDK Client VM (17.0.15+6-Raspbian-1deb11u1rpt1) for linux-arm JRE (17.0.15+6-Raspbian-1deb11u1rpt1), built on Jun  2 2025 13:19:19 by "serge" with gcc 10.2.1 20210110

END.
